“这么大的柜子只住两个人”💧,负面
记者说中文的一瞬间 小玉壶的眼神下一刻的拥抱 哭哭[泪][泪],正面
“是盏，是中华缠枝文薄胎玉壶” ,正面
记者说中文的一瞬间 小玉壶哭着抱着他说：家人[泪][泪][泪]小玉壶不会说英文，只能听得懂那句中文[悲伤],正面
“是承诺，是自媒体人的热忱，是少年的一拍即合，是不计成本的赤诚之心，更是中国人骨子里的“争口气”,正面
小玉壶 它长这样[泪]真的很漂亮[泪] http://t.cn/A6ObKXOG,正面
“这么大个柜子只住两个人”所以大英博物馆里的中国文物都是挤在一个柜子里的[泪][泪] “只有她是买的，其他都是被套上麻袋抓过去的，所以只有她记得回家的路”[泪][泪] 这台词真的很戳我的点[泪][泪] 这纯纯电影质感啊，想法也很新颖，期待第二集,正面
“带我回家”“小玉壶不委屈”“小玉壶不怕”天知道小玉壶流浪很久突然遇到家人的感觉啊[泪][泪][泪],正面
第一批看完逃出大英博物馆的人，来合个影吧[泪] [耶][爱你][耶],正面
小玉壶说的是I sorry[泪]她不会说英文,负面
此时大英博物馆里的文物：看吧，就算我们还要很久才能回家，但是总有人来听我们的故事[抱抱][抱抱][抱抱]终于有人听到了[泪],正面
期待下一集[泪][泪][泪][泪][泪],正面
热烈建议把它变成大IP，真的值得，快来导演把它拍完整，变电影[泪][泪][泪][泪][泪][给力],正面
你们的出现 从此短视频有了意义[泪],正面
：中国建一个博物馆，把所有失窃的、被掠夺的文物都标上，但是展柜里是空的，一定要注明现在在哪，如何被掠夺的。,正面
天啊，我真的拍过这一只玉壶 http://t.cn/A6ObKiTu,负面
舍友真的太惨了哈哈哈哈哈哈[doge]那个疑惑的脸,正面
这里边我很在意一个点[允悲]，终于有人拍出来古代人睡觉是取下那些饰品的了[允悲],正面
终于来了第一集，“是盏”那句莫名落泪，小玉壶别怕，会带你回家的,正面
“小玉壶不委屈”“小玉壶 不怕”我要哭死了啊[泪][泪][泪],正面
今年以来，纳税人已经按照原标准填报享受专项附加扣除的，自9月份起，信息系统将自动按照提高后的专项附加扣除标准计算应缴纳的个人所得税，此前多缴的税款可以自动抵减本年度后续月份应纳税款，抵减不完的，可以在办理2023年度综合所得汇算清缴时继续享受。,负面
纳税人还没有填报享受2023年度3岁以下婴幼儿照护、子女教育、赡养老人专项附加扣除的，可以在个人所得税APP或者通过任职受雇单位填报专项附加扣除信息后享受。纳税人自9月份纳税申报期起，就可以由任职受雇单位按照提高后的新标准扣除，也可以在办理2023年度个人所得税汇算清缴时按照新标准申报扣除。,负面
重大利好[偷笑]但是希望能早点用到这个好政策[偷笑],正面
虽然对于我们社畜来说经济压力还是很大，但能省一点是一点啊，至少这个政策出来实实在在能每个月给我省些钱[苦涩],正面
好政策，减轻了子女抚养和老人赡养负担！,正面
划重点：对工资低的没影响 对工资高的算是福利了,负面
重磅利好啊，直接照顾到了上有老下有小的打工族[doge]点赞[心][心][心][心][心],正面
这下有孩子又赡养父母的年轻人负担越来越轻了，幸福感蹭蹭往上涨[打call],正面
明星tsls还堂而皇之公关的管不管？,负面
终于等到你[嘻嘻][嘻嘻]每个月个税又可以少交一点了[good][good][good],正面
短短几年这个附加扣除优惠持续加码，都是优惠给我们个人的真金白银啊，诚意满满[打call],负面
建议查一查明星的公关手段 特别是今天那个被举报tsls的公司,负面
不错不错 力度很大 算下来今年不用交个税啦[打call][打call][打call],正面
房贷利率降降吧，这点扣除一个月省几个钱呢,负面
考虑了上有老 下有小，点赞~~,正面
好政策[心],正面
税务局又又又发政策了，对工薪阶层真是太棒啦。可以少交点个税了，我的房子又多一块砖了。,负面
太好了，国家让利于民，多生孩子抵税。,正面
这是好事儿，转需周知。,正面
挺好的，少缴几千块钱税[嘻嘻],正面
原来不给KOL送测，他们也会自己买。小米OV：学会了，下次就这么干。,正面
这不是挺好嘛，毕竟实在在这放着呢,正面
华为这次买推广没[并不简单],负面
华为这就是实力,正面
华为：这次省钱了[doge],负面
华为总是做出出乎意料的大事情[哈哈],正面
没错只有华为手机做的很精彩[笑而不语][哈哈],正面
华为手机其实本来就有足够的实力[挤眼],正面
华为猛,正面
热搜的钱是交给新浪[doge],负面
抢不到华为，加价才能买到华为，华为真坑，凡正我是坚决不会买华为，,负面
华为被威胁造出来芯片，他被威胁解散团队,负面
oppo：交了钱也没啥用[允悲][允悲][允悲],正面
[doge]笑死，以后不要找它开发布会了！,负面
第一次看到这样高的热度[打call],正面
不得不说华为太顶级了呀[并不简单],正面
这不就是实力的认可吧[哈哈],正面
原来大家都喜欢这种形式的发布呀,正面
华为这次省钱了,负面
转口贸易也要注意,正面
湾湾人可以和韩国人多吃,正面
这个可以作为以后的制裁手段之一[思考],正面
国家应该对日进行核损害索赔，《1997年维也纳公约修订议定书》、《2004年巴黎公约修订议定书》中将核损害的赔偿范围扩展到包括环境污染及相关经济收入损失、紧急情况下预防事故费用等。2022年中国渔业经济总产值三万多亿，按三十年算应索赔一百万亿元，如遭拒绝我国就启动对日核反击,负面
全面抵制吧,正面
这人还怪好的[doge],正面
对,正面
日本产品应该全部禁止,负面
看不惯这个家伙,正面
很有道理！,正面
没错，必须采取措施逼日本停止排放,正面
说的太好了[good],负面
支持赞成,负面
全面禁止🚫说得好！,负面
直接开打,负面
农渔畜牧，还有工业品,正面
豆豆小学生加油啊,正面
豆豆太棒了[抱一抱],正面
妈妈和豆豆宝宝都了不起[心],正面
妈妈好伟大。,正面
宝贝加油[心],正面
学业加油呀小豆豆,正面
豆豆，加油！希望未来的路在你脚下一路平坦.[心][心],正面
豆豆真棒,正面
可爱宝贝，加油,正面
加油[送花花],正面
[心][心][心]加油啊,正面
读小学了，真好！,正面
豆豆和豆豆妈妈都超有毅力[good][good][good],正面
张豆豆 加油,正面
家长和孩子付出了多少心血和坚持，连这个都能克服，以后学啥都有持之以恒的精神，愿未来一路顺遂,正面
为父母的爱点赞👍,正面
好棒,正面
小姑娘你很棒耶！,正面
豆豆同学加油！[鲜花][鲜花][鲜花][鲜花][鲜花][鲜花],正面
加油宝宝[心],正面
刚刚遇到卖草莓的 他说他的草莓绝对是最甜的东西 我嗤之以鼻 怎么可能有比你还甜的东西呢🥺,正面
天台上的风很大，今天的风格外凛冽，积攒着怒意的双臂猛挥砸碎了108个窗户，摔烂了38个5G高档高速高质量手机，玻璃渣刺破了我的衣襟，碎掉的是这颗对你永远不变的心，你带我走吧，没有你我怎么活啊,正面
今天我们这下了一天的大雨[晕],负面
老公[哇]看我的云！ http://t.cn/A6OGH5Xu,正面
吃饭了没[抱抱][抱抱][抱抱],正面
晚上好！,正面
老公！！,负面
啊啊啊啊啊啊宝贝,正面
好漂亮！,正面
哥哥给你看我今天拍的[哇] http://t.cn/A6OGH5qo,正面
刚刚不小心被蜜蜂蛰了...半边脸都肿了还有点发紫...查了一下到底是什么蜂...才发现原来是...看见毕雯珺的美貌甘拜下蜂...,负面
难为你费心，是单推给我一个人看，还是别的妹妹都有?一进来就被姐姐们的裤子绊倒了，早知她们在，我就不来了。今儿个她们来，明儿个我来，不至于太热闹，也不至于太冷清。亏得我巴巴得赶来，倒是我的不是了，明儿你再想要我的赞，可不能了[思考],正面
世界上有四种法，华山的清风剑法，武当的王虚道法，少林的除恶杖法，还有我爱上毕雯珺是真的没有办法[doge],正面
我终于赶上了我草,正面
啊还有半小时下班,负面
想你想你[可怜][可怜][可怜][可怜][可怜],负面
嘿嘿看！ http://t.cn/A6OGHq02,正面
今天是什么好日子呀[嘻嘻],正面
老库存了？[喵喵][喵喵][喵喵],负面
晚好宝,正面
宝宝贴贴[打工人]🥰今天昨天我都超级开心！你昨天今天开心吗！要是开心的话😎记得吃饭饭的时候多吃两口🥺（but不管是什么心情都多吃两口🤩）宝宝多吃点还要多吃蔬菜🤨不可以挑食😤晒黑没关系！一下子就养回来了的🤪 （买了新📷可以期待一个vlog嘛😫）（啊啊啊好想看宝宝崽🤿🚴）,正面
终于等到宝贝的微博了[泪]我们真的好想你，这个世界没有我们的小猪那简直乏味无趣🧡宝宝最近去了马尔代夫，除了大海，还有看到什么美丽的风景嘛？有什么美食推荐一下嘛？有机会我们也想打卡一下～张极小领导愿意来当我的小导游吗[偷笑]🧡,正面
嘿！张极小朋友！你好呀！又看到你啦！🧡 听说宝贝和家人出去旅游啦～现在应该已经到家了吧，到家了就好好休息欧～多陪陪家人和啵啵！宝宝能不能多发发日常呀 我们都好想多看看你！你真的超级超级超级棒！🧡🧡🧡,正面
领导晚上好！🧡几日不见，很是想念，不知道领导最近是不是在谈什么大项目，迟迟不上微博，是在准备原创歌曲吗🎤还是在准备十八宫格自拍📷 还是说领导要收购了时代峰峻！嘿嘿～所有领导可不可以分享一下近期的安排，有在准备新的小视频了嘛？不论发生什么，我们会一直爱你的！🧡,正面
领导快看！这是姐姐相册里有关你的第一张照片！是你和啵啵！[偷笑]当时看到这张照片的时候真的感觉超级治愈，你就像一个小太阳一样温暖了我🧡啵啵也超级可爱，真的好喜欢看你和啵啵的合照！宝贝可以再多发一些和啵啵女士的合照吗？🧡我们都很爱你欧～张极是最棒的！🧡 http://t.cn/A6O4gebT,正面
老公我来了[笑而不语] http://t.cn/A6O4gFAX,正面
晚安宝宝,负面
见到张极小朋友的那一刻，感觉世界都明亮了，你就是我们的小太阳！我们真的超级超级爱你，豆几公主真的好可爱好可爱好可爱！软乎乎～我啃啃[舔屏]喜欢张极小朋友真的太幸福了，爱你爱你爱你～宝贝早点休息 晚安～🧡,正面
宝宝五周年快乐！我们会一直一起陪你走下去的！多骑单车把烦恼全部都甩掉！相信自己你一直都很棒我们爱你！💗💗😗,正面
宝宝宝宝！五周年快乐！[打call][打call]以后要天天开心哦，今天和你互动了我们都很高兴相信你也很高兴吧[抱一抱][抱一抱]你要一直好好的哦，我们都在，我们都在爱你[打call]毕竟你这么这么优秀！最近休息的好吗，不要累着自己哦，请一定不要忘了我们可以一直一起走下去！[心],正面
哈喽小极又来啦[爱慕][鲜花]公开五周年快乐呀🥳时间过得真快🤧一晃就是五年啦可惜没能早点遇到你😔🤲不过还好遇见啦也不算晚吧👉🏻👈🏻至少还能看着你出道🥰你尊嘟很棒哦O.O😎赶走坏东西👊🏻要一起走更远，陪着你一起努力嘞🙌🏻🧡加油小极极😍下一条发自拍嘛宝宝,正面
五周年快乐呀小领导☝🏻你真的是一个很真诚的宝宝捏 好喜欢你呀 度假有没有vlog看呀 没有就罚你下次多发几张自拍嘿嘿😙你的每一个舞台都完成的非常棒哦 但是千万要注意不要太累啦 适当放松一下☝🏻 公开五周年了 我们会一直一起走下去😙会永远永远陪着你 期待你的原创哟[打工人] ​​​,正面
张极宝宝公开五周年快乐🥳宝宝你真的好可爱啊 永远真诚 永远言而有信 一定会去比伯演唱会的[打工人]期待啵啵来北京哟[嘻嘻]期待你用新的摄像头拍自行车哟 要记得多发微博 天天开心[浮云],正面
小极极😍小极极😍小极极😍小极极😍小极极😍小极极😍小极极😍小极极😍小极极😍小极极😍小极极😍小极极😍小极极😍小极极😍小极极😍小极极😍小极极😍小极极😍小极极😍小极极😍小极极😍小极极😍小极极😍小极极😍小极极😍小极极😍小极极😍小极极😍,负面
小极公开五周年啦🥳你说过 :长大，是我们一起的一件事。[抱抱]宝宝今年的成长我们都看到了哦！无论未来怎样，一定一定要记得做你自己😘要相信爱你的人会永远愿意和你一直一起走下去[打call],正面
OMG极妹😚 我先看 早点睡 极极😉,负面
啊啊啊啊啊宝宝,正面
"极宝,爱你的人可不止一万个,演唱会上你说要把你分成一万份那可远远不够,能不能早日实现一桔一极制度啊！[憧憬]我们这些极宝女没你可不行",负面
这不算呀，应该现场打捞，现场制作。这谁知道是不是本地的，搞笑作秀,负面
最好再喝几碗处理后的核废水！,正面
可能福岛本地渔民都不信呢[doge],正面
这边建议把美驻日大使馆搬去辐岛更有说服力呢[太开心],负面
继续，不能三天打鱼 两天晒网 才算！,负面
自家养的狗子，含着泪也要挺下去。,正面
狗主人看上狗食了，多吃一点[打call],正面
先转为敬，火速围观~,负面
他们喜欢作秀就作吧，日本人民不能傻到当真[吃瓜],正面
比王志安快了一步[允悲][允悲][允悲] http://t.cn/A6OGHAuh,正面
好的，还要带领美国人民一起多吃,正面
好吃你就多吃点,负面
美日邪恶，祸害亚洲。,正面
发动你全家持续吃,负面
二货，喜欢吃就把福岛海鲜全部带回美国吧，我们不羡慕,正面
模范？,负面
吃的要不是真的福岛的小弟弟就烂掉，这个老东西,正面
美国政客是在福岛吃了东西，但吃的不是福岛本地的食物而是从美国带来的吃食。,正面
难得吃一次肯定问题不大的。主要日积月累,正面
看起来[打call][打call],正面
一起看！,正面
宝贝一会见,正面
主打就是一个帅的要命[春游家族][春游家族][春游家族],正面
[哈哈][哈哈][哈哈][哈哈]等了7天终于等到橘子更新了～,负面
[亲亲][亲亲][亲亲],负面
安全感拉满[求关注]@张新成,负面
七斋[兔子],正面
来看皮皮张新成[哈哈][哈哈],负面
一起看[打call][打call],正面
好 宝玩得开心[赢牛奶][赢牛奶],正面
嗷 好招人喜欢啊张新成 不愧是我老公哈 我们都爱张新成[哇],正面
不见不散[doge],负面
有张新成在，安全感就在[送花花],正面
我爱你[心],正面
主打一个帅气[哇],正面
好的,正面
#七斋重聚秘阁2023# 看看我们综艺之神又有什么高光时刻[doge][doge][doge],负面
马上看啦[打call],正面
宝宝[送花花][送花花][送花花],正面
宝宝你要好好的，爱你,正面
保护好自己宝宝[悲伤],正面
宝宝你没事就好[心]麻麻爱你,正面
拍戏加油宝贝[泪],正面
宝宝照顾好自己[泪][泪],正面
呜呜呜姐姐好好的就行[泪],正面
老婆[泪],正面
没事就好,正面
老婆[泪][泪][泪],正面
宝贝你没事就好[苦涩][苦涩],正面
照顾好自己宝宝[抓狂],正面
宝宝[悲伤],正面
老婆小心点,负面
姐姐没事就好 好好休息,正面
宝贝照顾好自己呜呜呜呜呜，安全第一！[泪][泪][泪] http://t.cn/A60kGBJS,正面
收到 宝贝没事就好 记得照顾好自己噢,正面
宝宝拍戏加油[泪][泪][泪],正面
嗯好！[抱一抱],正面
抱抱宝贝[泪][泪],正面
每天都要开心上班，安全下班哦@宋茜 [心],正面
《白鸽天鹅》好帅 http://t.cn/A6OUORkD,正面
太帅了 http://t.cn/A6OUO8NA,负面
帅惨喽[打call][打call]，明天梅奔见！！！！！！ http://t.cn/A6OUOruH,负面
好帅好听[打call] http://t.cn/A6OUWUop,负面
也期待杰哥明天的舞台表现[打call][打call],正面
好好听[打call],负面
这个轻快的感觉我喜欢[打call][打call][打call],正面
张杰[打call],负面
@张杰 [心][心][心][心][心][心],正面
恭喜歌手张杰 音乐人张杰获得东方风云榜亚洲最佳男歌手 最佳专辑 十大金曲三项大奖[开学季]实至名归！ http://t.cn/A6OUODXn,正面
《白鸽天鹅》张杰好帅 http://t.cn/A6OUOmt3,正面
白鸽天鹅,正面
杰哥好帥[心]@张杰 http://t.cn/A6OUWnp8,正面
白鸽天鹅[打call][打call]张杰[憧憬][憧憬],负面
好帅[苦涩],正面
好好听啊[抱一抱]不愧是华语live王@张杰 [抓狂][抓狂][抓狂] http://t.cn/A6OUWIil,正面
太帅了[舔屏][舔屏],负面
@张杰 [心][心][心] http://t.cn/A6OUWEAr,正面
白鸽天鹅～,正面
哥好帅！我们明天见[爱你][爱你],正面
8月再见，九月你好！,正面
裤子我帮你补补。入秋了，冷,正面
帅帅的杨昊铭又回来啦[爱慕],正面
路上总会有光，我们一起走[心],正面
今天还是有绿色的元素[doge],正面
膝盖别冻着，我帮你把裤子缝上？[doge][doge][doge],负面
真好看[抱一抱],正面
哇那么帅[兔子][兔子][兔子],正面
替你#一条plog告别八月# [吃瓜],负面
八月的最后一天了，你不打算翻个牌儿吗[委屈],负面
秋天来了，新歌还会远吗？,正面
怎么不放18张是有什么心事嘛[毛球],负面
杨总，裤子帮你补补，秋天了怪冷的[喵喵]l,负面
哥哥好帅[赢牛奶],正面
我那时常谋面互联网帅哥弟弟[羞嗒嗒],正面
难道你满22-5？,负面
小杨你膝盖冷吗[doge],正面
发色好好看！！金色会考虑一下吗[偷笑],负面
我们都要好好生活,正面
每天都好累啊,正面
罗刹海市为什么火？有的人黑白颠倒、为所欲为、只手遮天！有的人只能任人宰割、无可奈何、一声叹息！,正面
贫困的标准这么卷了么，我好像比这穷,正面
利益输送啊！,负面
我还达不到这样的“贫困”标准[泪][泪][泪],正面
人后面详细介绍了家庭情况了，手机是同学的，包是一百多块钱买的,正面
这特么不会是摆拍吧？[怒],负面
早就变味，真的要帮助的人没有机会,正面
确定这是贫困户？[doge],负面
怎么好意思拿那些钱啊？怎么好意思给那些钱啊？？？东营可真是发烂发臭[哆啦A梦害怕][哆啦A梦害怕][哆啦A梦害怕],负面
都是这样啦，我这里公租房的里面还有开奔驰宝马的呢。是领导的亲戚,负面
建议有关部门严查所谓的贫困户，让那些真正的得到救助而不是作秀！,负面
让我想起了郭美美[允悲],正面
关系社会,正面
真的假的 有这么明目张胆的吗,负面
我们的扶贫力度真大！这个贫困家庭基本和美帝的中产一个水平了。[微笑],正面
这楼房 这装修 你说她是贫苦户？,负面
黑成这样，还有法律吗？,正面
关系户,中性
他家给的钱多，所以资助他们，有错么[笑而不语],正面
尼玛这个是哪个救助中心？以后都不再捐赠了,正面
老婆[爱慕],正面
好想吃 喂我嘴里[羞嗒嗒],正面
老公[心],正面
宝宝[女孩儿],正面
老婆[举手],正面
宝宝来啦[女孩儿][女孩儿],正面
尊嘟假嘟[亲亲],正面
啊你来了！宝宝多吃点！,正面
老婆爱吃的我都不留给你 老婆不爱吃的我都让你吃 主打一个真爱如我,正面
老婆[鲜花],正面
在飞机上勇敢点餐[haha][haha][haha][haha]加油白梦妍！,正面
[哇][哇][哇]想和你一起吃,负面
啊啊啊啊啊啊啊老婆快夸我,正面
宝贝[哇],正面
喂我白鹿[馋嘴],负面
老婆老婆[嘻嘻][嘻嘻],正面
啊啊啊啊宝宝,正面
好香[舔屏],正面
炫我嘴里[开学季][开学季],正面
我的女人，必须得到世界上最好的东西,正面
愿平安,负面
愿平安🙏,负面
愿平安🙏救援顺利，救援人员也要注意安全,正面
“我们焕儿断不会受欺负的” http://t.cn/A6O4o06F,负面
inshow你到底对得起这对母子里的哪个[微笑],正面
其实鄂顺的也厚厚的，有姐姐在的日子也很好[泪][泪] http://t.cn/A6O4lLmw,正面
妈妈[泪][泪]最好的妈妈[泪][泪]有妈妈姑姑的宝宝穿的像个小熊,正面
小姜一人在朝歌真的好累啊……不知道质子营里还有多少伙伴在陪着他[悲伤],正面
有妈妈姑姑的孩子像块宝,正面
小姜身边唯一的女性长辈就是姑母，像母亲一样关心呵护了他很多年，感觉无论吃穿用度，凡是殷郊有的东西姑姑都会给小姜预备一份同样的，睡觉时也会同时给两个小朋友弹奏安眠曲[悲伤][悲伤],正面
妈咪…🥺,正面
[泪]妈咪[泪]姑姑[泪]in show 你坏事做尽[泪],正面
顺子也过得不错，毕竟姐姐是太子妃，这些小孩里面真的就都被inshow迫害成支离破碎的模样[泪][泪][泪],正面
我怀疑姜文焕在朝歌的最高任务就是保护殷郊，所以一直到殷郊死了他才明着反，之前他姑他爸死他都忍下了,正面
王后是个温柔又温暖的长辈[苦涩]我大哭[苦涩],正面
后来发现其实除了发发这个小可怜大家都有厚衣服，我们顺顺也是裹的像小萨摩耶一样,负面
一人一刀 我们沙了inshow吧[泪],正面
我们小姜还是少年的时候亲近的人都被杀完了[苦涩][苦涩][苦涩][苦涩][苦涩] 成年了亲朋好友也死的差不多了[苦涩][苦涩][苦涩] ,正面
这么看来，小姜和殷郊一样都是姜皇后带出来的孩子😢再去思索他的低调沉稳和大事绝不含糊就更通顺了,正面
世界上每个人都应该爱姜王后😢,正面
姑姑死在了某个他后知后觉的深夜里，他的父亲死在他的剑下，随后他就发现他的姑姑也没了，堂哥的头被人砍了下来，最好的朋友血溅他的面前，崇应彪死了，他在城门面对姬发的时候，心里一定有着深深的痛苦[苦涩]好可怜，他才是真的什么都没做，就慢慢失去了一切[苦涩],正面
原来小姜才是真正的 “我亦飘零久，十年来，深恩负尽，死生师友”,正面
原来只有我们小比没有长辈爱他[泪][泪][泪][泪],正面
整个社会螺旋式下跌就是这样的，典型的通缩效应。,正面
归根结底是大部分消费者消费能力下降了，有钱谁不知道买好的。消费者只是根据自己的能力选择消费平台，而提高消费能力是国家该做的事情，可惜不逼到份上是不会做的。,负面
悲哀个头啊，我笑死,负面
从来不买拼多多东西,正面
[笑cry],正面
做生意要双赢，只有自己赚，不管别人，终究长久不了！如果有一天同一个商品，天猫京东拼多多价格一样，请问消费者会去哪平台买？,负面
多多基本没有店铺这个概念，但又不是自营。从几个月前商家围剿多多自营店就能知道生态有多恶劣了,负面
压榨市场，这算是砸掉大家的碗吧,负面
劣币驱逐良币,负面
几十年了，没有在夕夕上买过东西。知道都是些垃圾货。,负面
卖给不同的人而已，它可以选择不被压榨，去淘宝，去京东嘛[喵喵] 我拼多多买，也有山姆会员卡，不搭嘎。企业自己做的不行别赖别人,负面
平台之恶，只要消费者点退款，PDD无理由退给客户，导致很多货发了客户不退，又拿了💰，及时恶劣的营商环境,负面
做人不要太拼多多,正面
👍,中性
没办法，消费者喜欢。实际生活中到处可以碰到拿着拼夕夕价格要求商家降价的消费者。她们挑东西的时候只看价格，买走之后只问质量[允悲][允悲],正面
所以出来不用拼多多,正面
要被成毅慢半拍笑死哈哈哈哈哈哈哈,正面
成毅好可爱吖[亲亲],正面
何老师：我不信！哦～我信了！！[笑哈哈][笑哈哈],正面
[太开心] http://t.cn/A6OLeQAq,正面
Hi6这期真的赢麻了[哈哈][哈哈][哈哈]成毅哈基米无处不可喜 脸上笑纹多几许[作揖][作揖][作揖],正面
不是成毅慢是你们加倍速看了[允悲],正面
哈基米[爱你],负面
哈基米的慢半拍，可爱鼠了,负面
成毅真的又可爱又搞笑[笑cry][笑cry],正面
哈基米~哈基米~[爱你],负面
哈基米成毅，真的好可爱[哈哈],正面
哈哈哈，我门主是练扬州慢的[挤眼],正面
我们成毅老师昨晚带给我好多快乐哈哈哈,正面
成毅好可爱呀[憧憬],正面
再看到还是很搞笑哈哈哈哈哈哈哈哈哈哈太可爱惹！,正面
哈哈哈成毅慢半拍[doge],正面
成毅太可爱了,正面
好可爱成毅[污][污],负面
哈哈哈哈哈哈，哈基米成毅太可爱了[哈哈][哈哈][哈哈][哈哈][哈哈],正面
为什么不更改游戏规则，反着来太麻烦，按成毅那样做出同方向的不可以吗？[允悲],负面
全面回归暴打小米[doge],正面
出mate60后mate50会迎来降价，mate40的价格空间进一步减小，此时mate30的价格来到了冰点，导致mate20在二手市场的销量极其可危，此时正是我入手mate10的最佳时机[二哈],负面
说明功耗相当炸裂,正面
我是军军，我现在慌得一批[doge],负面
华为强势回归，第一个受害者就是绿厂，下一个是谁[doge],正面
一台2 3年前的配置，叫嚣着高端成了，怕不是要被笑掉大牙[哈哈],负面
”开门，是（）（）“[doge],负面
这就是用超小马达和短焦指纹的理由吗[失望][失望][失望],负面
华为牛逼[doge]，半个米粉表示给我暴打美国暴打苹果[doge],正面
轻舟已过万重山[作揖],负面
看来确实功耗不好压😂一代一代慢慢来吧，有了第一步后面终归能赶上的。,正面
怎么老有四个字在耳边环绕呢[doge],正面
华为：听说有一家收了我三千万用户,负面
买不买是每个人的自由，但是在去🇺🇸化的过程中，我们🇨🇳跨出了关键一步[good],正面
有没有好心人告诉我一下为啥oppo现在被叫黑厂了？[二哈],负面
我觉得吧，等Mate 70Pro+ 纯鸿蒙系统流畅度质的飞跃。那个时候麒麟芯片也更成熟了，说不定祖传的766也改了[doge],正面
图片评论 http://t.cn/A6ObVGm3,负面
尊贵的小米用户,负面
华为回归，先死的是荣耀,正面
两岸猿声啼不住,负面
做什么梦呢,正面
政治入侵,正面
怎么有脸提不公平竞争的？,负面
多夸你老板！他特别帅特别棒！,正面
啊啊啊啊啊啊卷毛帅死了,正面
檀健次你是最棒的[抱一抱][抱一抱][抱一抱][抱一抱],正面
你小子好东西是真多啊[doge],正面
霍[色][色][色]帅哥,负面
啊啊啊啊啊啊感觉脸软软的 给我摸摸,正面
喜欢檀健次[亲亲][亲亲][亲亲],正面
檀健次好帅[色]小卷毛好帅,负面
啊啊啊啊啊卷毛真的好可爱[抱一抱],正面
好东西都拿出来吧，月底了[毛球][毛球],负面
恭喜檀老师解锁帕拉丁代言人，你特别优秀特别棒！恭喜檀老师解锁帕拉丁代言人，你特别优秀特别棒！恭喜檀老师解锁帕拉丁代言人，你特别优秀特别棒！恭喜檀老师解锁帕拉丁代言人，你特别优秀特别棒！恭喜檀老师解锁帕拉丁代言人，你特别优秀特别棒！恭喜檀老师解锁帕拉丁代言人，你特别优秀特别棒！！！,正面
买啦 支持帕拉丁代言人檀健次 http://t.cn/A6OGxE69,负面
每次情绪不稳定 心情不好看檀健次就会好了,正面
超级无敌大帅气[爱慕][爱慕][爱慕],正面
这么帅的老板就应该多发发让我们看看[哇][哇],正面
老公！！！！！[抓狂][抓狂][抓狂][抓狂][舔屏],负面
好帅好帅好帅[打call],负面
[抱一抱]抱走檀健次,正面
老公你特别特别帅，炭火们也很棒,正面
檀健次牛逼 这就是顶流檀健次[作揖],负面
我他妈哭了啊 没上榜呵呵,负面
九月能不能让我缠着你[左哼哼][右哼哼],负面
啊啊啊啊居然上老公榜了[苦涩][苦涩][苦涩][舔屏][舔屏][舔屏],正面
荣登第十[亲亲][亲亲][亲亲],负面
不和你玩,正面
下个月冲冲冲,负面
我爱你[羞嗒嗒][羞嗒嗒][羞嗒嗒],负面
第二[憧憬][憧憬][憧憬],负面
老公我来也,正面
轻轻松松断层[馋嘴][来],负面
老公我要缠着你一辈子[来][来],正面
鲨闭🈳！,负面
小嘴嘴[阴险][来][来],负面
浅爱一下,正面
本文集努努力,正面
闭嘴老公我爱你[桃里桃气],正面
冲你的榜太艰难[悲伤]我放弃了,正面
[哆啦A梦吃惊][哆啦A梦吃惊][哆啦A梦吃惊][好爱哦][好爱哦][好爱哦] http://t.cn/A6ObECNr,正面
380 不错我很满意[来],正面
下个月努力,负面
【唯一专业大主唱·人气氪金全方位𝐓𝐎𝐏☝️】🔹👏单封𝟭𝟬𝟬𝟴𝘄【秒切第一➕首位双封售罄】🔹【团内氪金人头壁第二1W+】🔹【内娱超话钻三拥有者】🔹【商业价值领跑全团☝️】@时代少年团-宋亚轩,正面
🎶🐬期待宋亚轩💎新生代顶流🎶🐬✨✨✨✨💙💎✨💎💙✨✨✨✨✨ ✨✨✨💙💙💙💙💙💙💙✨✨✨✨ ✨✨✨✨💙💙💙💙💙✨✨✨✨✨ ✨✨✨✨✨💙💙💙✨✨✨✨✨✨ ✨✨✨✨✨✨💙✨✨✨✨✨✨✨,正面
宏音出东方，一榜揽风云。唱浮生江湖，颂古今传奇。期待刘宇宁@摩登兄弟刘宇宁 ，以声悦红尘，以音化万境。 http://t.cn/A6OyusMr,正面
沪上风云起，榜间数风华。期待刘宇宁@摩登兄弟刘宇宁，悠然声线，演绎浮生起落跌宕；曲风多变，颂尽红尘千回百转。 http://t.cn/A6OyuspA,正面
🎶🐬宋亚轩TOP💎新生代顶流🎶🐬✨✨✨✨💙💎✨💎💙✨✨✨✨✨ ✨✨✨💙💙💙💙💙💙💙✨✨✨✨ ✨✨✨✨💙💙💙💙💙✨✨✨✨✨ ✨✨✨✨✨💙💙💙✨✨✨✨✨✨ ✨✨✨✨✨✨💙✨✨✨✨✨✨✨,正面
期待周深 @卡布叻_周深[赢牛奶] http://t.cn/A6Oy3vQD,正面
时光荏苒，初心依旧。星光闪耀，光芒万丈。相约「东方风云榜音乐盛典」听宁唱响每一篇乐章，一起见证实力歌手 @摩登兄弟刘宇宁 的一路成长！ http://t.cn/A6Oy3vZI,正面
期待和@卡布叻_周深 相约今晚的《花开忘忧》[哇][哇][哇]@卡布叻_周深 http://t.cn/A6Oy37Pu,正面
宏音一曲出东方，风云一榜揽天下。期待刘宇宁@摩登兄弟刘宇宁，音韵无双演绎曲风多变，声动人心颂古今传奇。 http://t.cn/A6OyusKM,正面
期待【毕业于东欧百年名校🏫美声专业科班出身】[音乐] 央视认证【顶流歌手🔝 大气蓬勃的时代之声】🔥【“五个一工程”奖获得者】💥【春晚独唱】🥰 语言天赋者👉🏻【演唱过18种语言的歌曲‼️】【流行、美声、民族多声线多风格】LIVE的神💫@卡布叻_周深 [哇] http://t.cn/A6Oy3hc1,正面
💎💎💎时代少年团唯一全方位大TOP@时代少年团-宋亚轩 👏单封𝟭𝟬𝟬𝟴𝘄【秒切第一➕首位双封售罄】🔹【团内氪金人头壁第二𝟵𝟬𝟬𝟬+】🔹【内娱超话钻三拥有者】🔹【全平台全方位断层数据】 🔹【唯一门面主唱】,正面
期待【毕业于东欧百年名校🏫美声专业科班出身】[音乐] 央视认证【顶流歌手🔝 大气蓬勃的时代之声】🔥【“五个一工程”奖获得者】💥【春晚独唱】🥰 语言天赋者👉🏻【演唱过18种语言的歌曲‼️】【流行、美声、民族多声线多风格】LIVE的神💫@卡布叻_周深 http://t.cn/A6Oy3PXf,正面
多种曲风的倾心演绎，多面棱角蜕变锋芒，期待@摩登兄弟刘宇宁  东方风云榜音乐盛典《盗梦》舞台[打call] http://t.cn/A6Oy3vGO,正面
🌟周深《花开忘忧》[哇][哇]@卡布叻_周深 http://t.cn/A6Oy3yjj,正面
坚定内心，不因外界喧哗随波逐流，只为追求属于自己的理想。他依然是那个赤诚努力的追梦人。期待刘宇宁@摩登兄弟刘宇宁 http://t.cn/A6Oy3P63,正面
炫酷的舞台上，璀璨的灯光下，实力歌手演员@摩登兄弟刘宇宁 期待！ http://t.cn/A6Oy3vlV,正面
期待今晚@卡布叻_周深 《花开忘忧》[彩虹屁][彩虹屁]花开忘忧，愿你无忧！ http://t.cn/A6Oy3v8Q,正面
风云起东方，一榜揽天下。以声画境，以音致胜，听@摩登兄弟刘宇宁，颂歌里春秋，唱万千信仰。 http://t.cn/A6Oy3PLP,正面
期待周深《花开忘忧》[心]@卡布叻_周深 http://t.cn/A6Oy32Ej,正面
嗯，健康，有钱，谢谢。,正面
健康平安是最重要的，孤独是常态,正面
以前误会沈月了，现在看沈月真的是梦中情友，哪去找这么有能量的朋友啊啊啊啊真好,正面
评论区那个开口闭口208，人家出道前也是普通人，父亲历史老师，母亲食堂工作，她能凭借自己能力以湖南省编导专业第一考进湖师大就很牛了，人家知道感恩，没有父母，没有老师朋友，就没有现在的她，最重要人家能清醒的规划自己，并且为了目标而努力得到现在的一切，你不行是因为什么？怨天尤人的[吃瓜],正面
太喜欢一些【沈月说】了[心] http://t.cn/A6O4Tz7f,正面
208怎么不值得谢谢，所以这怎么可能也是我的心声呢,正面
谢谢老天爷给我的一切,正面
越来越能get到她的美好,正面
什么节目 想看,负面
健康平安，有钱有颜,正面
平安健康并且快乐，简单的期许[心],正面
我真的好喜欢沈月[泪],正面
她对粉丝的鼓励也是很触动人心[爱你] http://t.cn/A6O48NP0,正面
满足于现有的，挺好,正面
你要是得到她的一切，你也会谢谢老天,负面
这是什么综艺,中性
都要快乐！！！[哇] http://t.cn/A6O4T11y,正面
这已经是最大的幸福了[赞],正面
我只想找个对象,正面
我要是现在拥有沈月拥有的我也很谢谢老天爷,正面
油价是发改委定的，地方附加费也都在里面，企业就是流水财神，说盈利但其实利税也都是上缴国库。。但要是国内不产油，那就得跟芯片一样被打压收割。不过话说回来，之前总有批量生产的文案说国内油企亏损的，这次可是打脸了，人家也没亏啊，要不咱们挖下坟，看看能不能揪出敌特,负面
在大环境不好的情况下，还能为国家创造利润的增长，不愧为国之长子[good],正面
全民所有制，能给我分红吗？,正面
营收下降，利润增长？,负面
能将点油价么？,负面
继续涨价，净利润还能增长,正面
"乐色, 这么📈才这点净利",负面
油价连涨两个月了[微笑],正面
中国的油价在全世界还是很公平的。,正面
前段时间国内油价上涨，但是国际油价明明是下跌，朋友（不是我[苦涩]）对油企们破口大骂,正面
🪷　🪷CY🥝.  🪷     🪷　°　　🥝　•　　.°•。 🪷。 🪷 　🪷　　★　*°　　　　🪷　°·　　.　　　•　°★　  🪷莲花楼🪷•▁▂▃▄▅▆▇▇▆▅▄▃▁▂▃.​*. ​​​                    欢迎来到成毅李相夷、李莲花的莲花楼🪷我的哈基米[心],正面
┏━👑💚.•*¨*•.•*¨*•.¸¸💌💚━┓               祝成毅玩得开心 🥝 成毅李莲花李相夷                  🥝┗━.•*¨*•.•*¨*•.¸¸💌👑━┛🥝,正面
哈哈哈哈笑不活了,正面
哈哈哈哈哈太可爱啦@成毅,正面
李莲花yyds,正面
是我们可爱的哈基米成毅了,正面
🪷　🪷CY🥝.  🪷     🪷　°　　🥝　•　　.°•。 🪷。 🪷 　🪷　　★　*°　　　　🪷　°·　　.　　　•　°★　  🪷莲花楼🪷•▁▂▃▄▅▆▇▇▆▅▄▃▁▂▃.​*. ​​​                    欢迎来到成毅李相夷、李莲花的莲花楼🪷,正面
哈哈哈哈李莲花可爱,正面
🥝🥝🥝成毅✨✨✨✨莲花楼🥝🥝🥝 ✨✨✨💚💚💚李莲花💚💚💚✨✨✨ ✨✨💚💚💚💚李相夷💚💚💚💚✨✨ ✨✨✨💚💚hi6玩的开心💚💚✨✨✨ ✨✨✨✨✨💚✨✨💚✨✨✨✨✨ ✨✨✨✨✨✨💚💚✨✨✨✨✨✨,正面
成毅好可爱哈哈哈哈哈哈哈,正面
哈哈哈嗝，成毅可爱啊[打call],正面
听说李莲花要来你好星期六😍，在下内心十分欢喜🥰，灵感顿发💡，这就为李楼主赋诗一首：妙！💥再为成毅赋诗一首：笑！🤓听闻江湖天下总是风雨飘摇🌧各位客官跟随楼主@成毅 在🪷楼中静待花开🤟🏻,正面
成毅🥝成毅🥝成毅🥝成毅🥝成毅🥝成毅🥝,负面
哈哈哈哈，好可爱，笑晕我了[心][心][心][笑cry][笑cry][笑cry],正面
✨✨✨♥️♥️✨✨✨♥️♥️✨✨✨ ✨✨♥️♥️♥️♥️🌟♥️♥️♥️♥️✨✨  ✨✨♥️♥️         成毅          ♥️♥️✨✨    ✨✨✨♥️    hi6玩的开心 ♥️✨✨✨  ✨✨✨✨♥️     期待   ♥️✨✨✨✨ ✨✨✨✨✨♥️♥️♥️ ✨✨✨✨✨ ✨✨✨✨✨✨♥️✨✨✨✨ ✨✨,正面
哈哈哈哈，成毅好可爱[彩虹屁][彩虹屁],正面
成毅好可爱[心],正面
哈哈哈是我们可可爱爱的成毅宝子[抱一抱]笑不活啦[允悲],正面
成毅成毅玩的真开心[哇][哇][哇],正面
又去啦宝贝！期待新歌哦[哇],正面
玩的开心吗宝宝[坏笑][坏笑][坏笑],正面
好想你[单身狗][单身狗],负面
文案是抄来的 套路是学来的 玫瑰🌹是偷来的 勇气是借来的 对黄明昊的爱是与生俱来的 ✋🏻 @jjjustin0219,正面
“离婚协议她终于肯签了？”“少爷，这…这是夫人的结婚请帖...”男人猛然一惊，拿过来一看，上面赫然写着：“黄明昊真帅！”,正面
哇啊啊啊宝宝,正面
我立马放下了手中的手机从高楼一跃而下，在空中做了360度托马斯回旋，完美落地后我单膝下跪从口袋里拿出从隔壁村口小妹妹那抢来的玩具戒指，喊出了亿万少女都渴望听到的一句话：“黄明昊嫁给我！”,正面
亲亲,中性
宝宝你终于出现了！我好想你[打call],正面
赶来看看宝贝,正面
"来自#黄明昊[超话]# 写真《SEE,YOU 期遇》的Vlog来啦[送花花]",负面
宝宝 想你[单身狗],正面
宝宝来看你啦,正面
中午好[哇],正面
宝宝好想你,正面
宝贝宝贝[心],正面
玩的开心吗？,正面
中午好宝宝,负面
16 家公司都不给员工交社保呗[doge][doge],负面
这比吃空饷的危害要小得多吧，查吃空饷也是这劲头吗，还有这些人到底损害了谁的利益,负面
请查一下这16家公司的社保缴纳还有税务,负面
这是什么神奇的存在？以为HR都是傻子吗？,正面
我想到了杨闷。那条微博。一个老板可以有多个员工。员工为啥不能有多个老板[doge][doge][doge][doge],负面
但凡这些公司里面有两个交社保的，可能早就能发现猫腻了吧[doge],负面
没毛病吧？相比那些吃国家空饷的好多了。,正面
16家都不给社保就不管了是吗,负面
连社保都不给交的公司这营商环境值得保护吗,正面
这不活该？有啥好差的恶公司自有恶人磨，要是都按要求规定交社保[可爱]哪有这么多屁事,负面
我们公司规定所有员工必须交社保，不交社保不与入职，无论什么原因。,负面
还是调查一下事业单位里面吃空饷的吧！太可怕了！普通公务员，什么活都不干，50岁就开始摆烂，一个月工资14000，加上公积金什么的，一个月两三万[泪][泪][泪],正面
谁让企业不按国家规定入职便交社保的，但凡交社保也不治愈会被钻这空子,负面
反向剥削资本家，牛批[doge][doge],正面
所以她每个月出业绩,正面
怎么才能不上班拿工资？这不扯吗,负面
这不挺好吗，帮国家发现那些不交社保的公司,正面
您好，恭喜您的视频荣登视频飙升榜，社会领域第5名，榜单小时级更新请尽快查看哦~快来查看分享你的上榜视频吧~榜单戳》http://t.cn/A6OGpt1m,负面
顶尖的销售岗位确实可以挂靠多家公司，只要你有资源，能帮公司卖货就行。,负面
人才啊[笑cry],正面
啊啊啊啊超级期待肖战盛阳 http://t.cn/A6ObL08h,正面
啊啊啊，没人能拒绝得了我们盛阳小太阳啊！[亲亲][亲亲][亲亲][亲亲][亲亲][亲亲],负面
骄阳伴我，盛阳小太阳,负面
等你盛阳 http://t.cn/A6ObL0SV,负面
彼此独立，不猜不忌，我们骄阳伴我的爱情宣言真的很好 http://t.cn/A6ObL0jX,正面
9月1日，一起来央8看骄阳伴我、看盛阳[送花花] http://t.cn/A6ObLW5T,负面
9月1日咋还没来？！！等不及想见盛阳[哈哈]盛阳盛阳快点来[打call] http://t.cn/A6ObLOCl,负面
小太阳盛阳[抓狂][抓狂][抓狂] http://t.cn/A6ObLOZ6,负面
等不及了[抓狂][抓狂][抓狂]想看盛阳[哇],负面
啊啊啊盛阳不见不散！,正面
盛阳盛阳！姐姐在这呢[舔屏]快来让姐姐抱抱[awsl] http://t.cn/A6ObL06s,正面
盛阳我来啦[抱一抱],正面
骄阳伴我，我伴盛阳！！！姐姐来啦！！🥰🥰 http://t.cn/A6ObL0kx,负面
新剧照，盛阳好帅[憧憬][憧憬],正面
我爱热情开朗的盛阳！活泼可爱的盛阳！乐观向上的盛阳！帅气迷人盛阳！9.1号一起来看盛阳!!! http://t.cn/A6ObL0T0,正面
哇塞！！！我喜欢！！！这是什么剧情好期待！！！！,负面
盛阳太好看了[打call][打call][打call] http://t.cn/A6ObL0sb,负面
小太阳也会湿漉漉么[笑哈哈]期待我们盛阳啦[送花花],正面
期待温暖的小太阳盛阳[哈哈][哈哈][哈哈] http://t.cn/A6ObLju7,正面
9月1日起，CCTV—8黄金强档，肖战的《骄阳伴我》和你不见不散[打call],负面
朱一龙大爆电影《消失的她》 http://t.cn/A6O4j1wm,正面
朱一龙消失的她[嘻嘻][嘻嘻][嘻嘻],正面
朱一龙消失的她 http://t.cn/A6O4jBBp,正面
朱一龙《消失的她》好牛[彩虹屁][彩虹屁],正面
消失的她[我来了] http://t.cn/A6O4jdzQ,正面
暑期第一大爆款消失的她[送花花][送花花] http://t.cn/A6O4jeyT,正面
朱一龙消失的她 http://t.cn/A6O4jkff,正面
必须朱一龙消失的她 http://t.cn/A6O4jeOx,正面
朱一龙消失的她[一起吃糖] http://t.cn/A6O4jD3l,负面
消失的她！朱一龙影帝再一次的惊喜颠覆 http://t.cn/A6O4jF8A,正面
消失的她[酷],正面
朱一龙消失的她！[耶],负面
朱一龙消失的她 http://t.cn/A6O4YPXI,正面
看了朱一龙的消失的她[馋嘴],正面
恭喜朱一龙消失的她！ http://t.cn/A6O4YzCE,正面
朱一龙消失的她，大大大大男主超棒 http://t.cn/A6O4YhWQ,正面
朱一龙消失的她[哇][哇][哇] http://t.cn/A6O4YPSG,正面
朱一龙消失的她！ http://t.cn/A6O4YP7l,正面
朱一龙消失的她[赢牛奶][赢牛奶],正面
朱一龙消失的她 http://t.cn/A6O4Yhhd,正面
@我的印象笔记,正面
@光月亮向日葵,正面
#五险一金原来是这么回事#,负面
@鱼籽龄,正面
#五险一金原来是这么回事#【[话筒]职场人速看！关于“五险一金”，你一定要知道！】,正面
@Allan高嘉呈,负面
65[兔子],正面
45什么东西最多（我贴心不，把问题也写上了，你就不用再看一遍了[毛球]）,正面
5,负面
93,中性
78,正面
84,中性
31,正面
94,中性
0% 有没有好用的洗面奶推荐啊老公[羞嗒嗒],正面
27,负面
49,正面
88好数字[女孩儿],正面
69,中性
98[毛球],负面
30,负面
97,中性
65,负面
那我绝对不能错过了。,正面
还没有看看呢更想看了,正面
今晚就去看,正面
都是我喜欢的演员。,正面
特别喜欢的一部电影。,正面
有一起去看的吗？,正面
真的特别好看。,正面
都是我喜欢的演员,正面
今天我也要去看,正面
这部电影真的好给力呀。,正面
我已经看过了。,正面
找个时间看一看,正面
很想去看一看,正面
你推荐的电影都很好看。,正面
我还没有看过呢，感觉很精彩。,正面
我一定要去追一下,正面
我很喜欢吴京,正面
值得一看的电影。,正面
这部电影真的好看,正面
喜欢这个电影,正面
这是盛阳的小窝吧[赢牛奶]看到照片了 http://t.cn/A6O4OggA,正面
期待肖战盛阳[打call]盛阳麻麻爱你[舔屏]9月1日见[哇] http://t.cn/A6O4OdFu,负面
一起到盛阳家做客！好好好！能过夜嘛[舔屏],负面
期待盛阳[哇] http://t.cn/A6O4OeXD,正面
看我发现了什么[awsl] http://t.cn/A6O4ODRf,负面
等不及了[憧憬][憧憬][憧憬][憧憬] http://t.cn/A6O4OeRE,负面
快点来吧[哇]等不及了,正面
是我的盛阳小狗狗呀[笑哈哈][笑哈哈] http://t.cn/A6O4OeTH,正面
准备去盛阳家做客了[亲亲][亲亲] http://t.cn/A6O4OF2K,负面
9.1 不见不散，盛阳姐姐来了[舔屏] http://t.cn/A6O4Oeh7,正面
我准备好住进盛阳家啦[哇] http://t.cn/A6O4OkBL,负面
图片评论 http://t.cn/A6O4ODGN,负面
我的盛阳乖宝宝，快点来吧[抱一抱] http://t.cn/A6O4Oe6t,正面
不见不散[彩虹屁],正面
怎么还不到9.1，一秒钟也等不下去了[抓狂][舔屏][抓狂][舔屏][抓狂][舔屏][抓狂][舔屏],负面
[awsl][awsl]盛阳宝贝太甜了 http://t.cn/A6O4W7xu,正面
那盛阳家里可要热闹了[哈哈],正面
阳宝住这里呀[笑哈哈],正面
迫不及待想见盛阳了 [太阳],正面
期待盛阳 期待骄阳伴我,正面
这是真嫂嫂[doge],正面
哈哈哈哈哈哈哈谁能想到这句话三年后搞笑程度还能再➕100000% 这次是真嫂嫂了[偷笑],正面
呜呜呜呜呜呜呜王佑硕 谁在谈啊 🆘,正面
芒果TV《大宋探案局》（防止大家不知道这是啥综艺，贴心田虎[doge]）,正面
這位是你嫂嫂[笑哈哈][笑哈哈][笑哈哈][笑哈哈][允悲][允悲][允悲],正面
哈哈哈哈哈哈哈哈哈哈哈哈哈确实是嫂嫂了王府景上大分,正面
看过大宋1的都懂[喵喵],正面
哈哈哈哈哈哈哈哈是真嫂嫂[doge],正面
别太好笑了救命啊,正面
哈哈哈哈名场面又来啦这位是你嫂嫂#张新成这位是你嫂嫂#,正面
哈哈哈哈哈确实是你嫂嫂[毛球],正面
哈哈哈家人们去看节目《大宋探案局》,正面
您好，恭喜您的视频荣登视频飙升榜，综艺领域第12名，榜单小时级更新请尽快查看哦~快来查看分享你的上榜视频吧~榜单戳》http://t.cn/A6O4pk4Y,负面
哈哈哈哈哈太好笑了 后制贊[打call],正面
后期是剧粉哦，都会玩梗[哈哈],正面
这位真是你嫂嫂,正面
笑得 这是真嫂嫂[喵喵] （宽景）王府景甜甜蜜蜜 团综真的很有意思 太爱熟人局了  #张新成这位是你嫂嫂# http://t.cn/A6O48veI,正面
这是真嫂嫂[赞],正面
哈哈哈哈哈 是元仲辛的嫂嫂,正面
近况就是灵感就是不出来 也出来了一点东西但还不能很快见面 请再等等,正面
王大摄影师，能不能也拍拍自己，求求了[失望],负面
日常又来了,正面
终于出来玩啦[送花花],正面
王大艺术家,正面
想你啦[泪][泪][泪],正面
你什么时候让我也看看你啊[失望]真的很想,负面
是分享日常碎片的乖宝@晨艺,正面
谢谢你来了[太开心],正面
日常小碎片,正面
你终于来了！！！我的精神支柱！！,负面
活的！王晨艺！,正面
终于等到你了我的哥哥[单身狗][单身狗]@晨艺,正面
呜呜呜帅哥能不能大发慈悲，发点自己的自拍🤳,正面
太少了[困][困][困]不够看自拍来点～@晨艺,正面
多发点日常！我们爱看,正面
自拍也是可以的[干杯][干杯],负面
你呢，我要看你,正面
不急，我们等你[鲜花][鲜花],负面
离我也太近了…,负面
身家应该有几千亿了,负面
小杨哥的流水账一定堪比长江大堤！,正面
小杨哥的流水账也太多了吧，亿万辛苦花,负面
小杨哥的流水让我羡慕嫉妒，好想成为他的好友,正面
天啊，我想知道小杨哥过不过小康生活呢,正面
可怜我这月光族，小杨哥的工资能让我醉倒好几回,正面
如果能打败斗罗大陆里的富裕学院，必须是个传奇,正面
工资都够买个私人飞机了吧，羡慕！,正面
我一辈子都赚不到小杨哥一个月的工资，怎么办,负面
哇，这工资真是让我惊讶啊！[憧憬],负面
小杨哥的流水账一定超过了我这辈子的积蓄！,负面
小杨哥真是工作聪明、有追求！人生赢家！,正面
难怪小杨哥总是笑得那么灿烂，幸福感爆棚！,正面
小杨哥的财富简直想象不到，太厉害了！,负面
好羡慕小杨哥啊，想当年我一个月只能赚几千块,正面
工资超5000万元，简直是超级富豪啊！,负面
是很漂亮的本子，也是很漂亮的故事,正面
好漂亮,正面
身材超好耶,正面
没想到zzt这么抢手[doge],负面
这个聊天背景我也想要[羞嗒嗒],负面
很登对,正面
我也想听说话,正面
丰台也没下,负面
顺义掉了几滴雨[允悲],正面
密云 确实没[允悲]事 蓝天白云,正面
亮马桥没有下雨,负面
机场高速没下雨,负面
顺义没啥事[打call][打call],负面
乌泱泱[汗] http://t.cn/A6OblsMD,负面
此微博被http://t.cn/A6OZ4CQH用户多次点击互动，帮更多小伙伴发现本地新鲜事和打卡地 。http://t.cn/A6yZypDg ,正面
第一个是哪位？,正面
这是什么节目,负面
能不能别说xx好福气，夸就夸呗[裂开]，她也是个独立的个体[裂开][裂开],负面
姐姐好漂亮[开学季]我说不能直接夸她本人吗？性缘脑没救了,正面
阳光姐妹淘里穿着大红色衣服 谁懂、、,正面
[泪]这一幕巨惊艳 http://t.cn/A6OyeTRZ,正面
姐真的太美了🙊什么时候再出来演戏啊[开学季],正面
发现早期娜恩和她有点像（除了👃,正面
姐姐说了，眼睛割了双眼皮，嘴巴整了牙齿，但是鼻子真的是天生的，人真的能天生有这么好看的鼻子呜呜,负面
好优越的鼻子,正面
看过阳光姐妹淘的没有不被她美到的吧[单身狗]那个抽烟镜头简直是神,正面
小时候看阳光姐妹淘 第一眼就爱死了 太美了,正面
我天呢这也太漂亮了[泪][泪]这鼻子太优越了吧,正面
第三张有点像孙娜恩,负面
绝对脸赞的姐[舔屏],正面
真的好漂亮，阳光姐妹淘第一眼就惊艳到我，什么时候再拍戏活着上个综艺啊！,正面
吗的 超漂亮,正面
真的好漂亮[心],正面
下辈子长这样[悲伤],正面
美的,正面
超级美[抱一抱],正面
好漂亮。,正面
@以介春酒 孙千这个女的怎么又找了新姐姐,正面
后宫愈发充盈了[哆啦A梦害怕],正面
？怎么好姐姐这么多 http://t.cn/A6OyAoi9,正面
赵丽颖周雨彤怎么办[doge],正面
我也要亲亲[泪],正面
你女人真多，和赵丽颖一样[挖鼻],正面
千千我也沦陷了[可怜][可怜][可怜],正面
老公你是来上班的 不是来每天跟一个漂亮姐姐贴贴的,正面
丽颖姐怎么办[doge],负面
@赵丽颖 姐，你再不来孙千就要跑路了[可怜],正面
美女与美女贴贴[悲伤]我季度了 我也要,正面
周雨彤：一般,正面
@马思纯 总裁有何感想,正面
我女神怎么办赵丽颖[doge],正面
孙女士你看看热评反思一下自己吧[白眼],负面
你又找姐姐了[抓狂]什么时候找我这个妹妹[抓狂],负面
@周雨彤微博 孙千怎么回事[嘘],正面
你怎么一部戏一个姐姐[舔屏][舔屏][舔屏]老婆你也真是的[喵喵],正面
你为什么又有新姐姐[苦涩],正面
周雨彤怎么办[泪][泪],正面
魏大勋好甜啊[开学季] http://t.cn/A6OyQqin,正面
魏大勋像极了我每次都以为朋友是从另一边上来，而不是我挪屁股的状态[笑cry] http://t.cn/A6OyQwRD,正面
今晚还有一期魏大勋，好舍不得[悲伤] http://t.cn/A6OyQs8j,正面
这是什么节目？？？,负面
魏大勋好甜[哈哈],正面
今天晚上八点tx视频《现在就出发》来看大勋花哦[爱你][爱你][爱你]，大勋花飞行的最后一期[心],正面
哈哈哈熟人局好看[抱一抱][抱一抱]大勋花真可爱 http://t.cn/A6OyQDTE,正面
关车门这是啥综艺呀？,负面
这是啥节目uu们,负面
我家宝宝腿太长，挪动一下很难的[微笑],正面
甜妹[打call][打call][打call],负面
您好，恭喜您的视频荣登视频飙升榜，全部领域第7名，榜单小时级更新请尽快查看哦~快来查看分享你的上榜视频吧~榜单戳》http://t.cn/A6OyEwxg,负面
这是哪一期大侦探[抓狂][抓狂],正面
大勋只是以为小白会从另外的门上车[笑cry],负面
勋崽好甜啊[悲伤],正面
白敬亭魏大勋友谊长存[抱一抱]请大家多多支持《现在就出发》哦～[馋嘴] http://t.cn/A6OyFnyX,正面
小白看到大勋眼睛都亮了[舔屏],正面
明侦这是第几季啊[泪],正面
怎么会有撒  他不是走了吗,负面
笑死了 感觉像后羿打对抗路（）,正面
图1跟伯邑考打彪子师出同门,负面
姬发近战有一种小孩打架的美....,正面
你们西岐家的都是酱的吗[衰](话来自北崇),正面
远战无敌，近战拿弓锤人哈哈哈哈,正面
所以他们当时围住苏妲己那个镜头我说怎么有人拿了个烧火棍[疑问],正面
被所有人（盲目猜测）抱摔的近战弓兵,正面
好可爱啊，想亲死他[苦涩][苦涩][苦涩],正面
我每次看到他那弓弦嘞人的时候都觉得，这是射手吗[允悲],正面
🏹️《弓箭的108种用法》 作者：姬发,正面
弓：我好像不是这么用的[疑问],负面
一弓给对方敲晕,负面
腰上挂着剑但拿弓砸人…这就是弓兵吗🙉🙉,负面
哥哥是第一个老师 确信,正面
我们西岐第一射手就是要用弓箭啦[开学季],正面
一个非要打近战的远程 近战有点菜[单身狗],负面
他第一下真的打到人了似的，还有回弹！！,正面
是童兵[憧憬],负面
镜头里都能看出头脸真的好小，电影演员不是谁都能当的[泪],正面
怪不得他哥也是用弓制住了彪子，你们这是师出同门吗[允悲],正面
救命好绝！！我心跳加速，呼吸加快！！我净化雾霾的能力赶超热带雨林！！我将成为新的地球之肺！！我扑通一声把青藏高原跪成盆地！！哭到不再需要南水北调工程！！嚎到产生的风力发电供应全球人民使用😭,正面
书上说喜欢一个人之后看什么都和他很像，所以我昨天在路上看见一只狗，很像你，刚刚拉完屎看了一眼，也很像你，身边都是你[鲜花],正面
对不起 我接受不了网恋 虚无缥缈的东西没办法给我带来安全感 猜忌和怀疑是深夜流泪的根源 我要稳稳的幸福 一伸手就能触碰的那种 但看到你我就知道：我能接受！！！丞仔！麻麻爱你[爱慕][爱慕][爱慕],正面
我的口红实在是太不争气了，每天只知道沾碗角沾杯角，什么时候才能沾一沾哥哥的嘴角啊🤤,负面
（停车）（低调的按了按劳斯莱斯的喇叭）（车窗降下）（咬着玫瑰花）（凹造型）（正准备开口）（隔壁交警大队说我停车占道）（充耳不闻）（带上墨镜）（播发凤凰传奇）（薄唇微动）老公你好，结婚🌹,负面
弗洛伊德曾经说过，人的精神由三部分构成，本我，自我和超我，前两部分我都有😉丞丞哥哥能不能给我第三部分 http://t.cn/A6OycN23,正面
听说今晚有帅哥看？我长长地吸了一口气，脚尖在地上使力，脚掌借内力腾跃，身子飞跃而起，在半空中伸展细长的双臂，一个3600°旋转地来看范丞丞大帅哥啦！[阴险],正面
生命的意义究竟是什么我要飞向何方我这一辈子的终极目标归根究底活着就是你，宝贝……没有你我可怎么活啊宝贝……宝贝🚗🚕🚙🚌🛵🛴🏍🚲🚁🛩✈️⛵️🛥🚤🛳你想坐哪一辆，我来接你回家,正面
谢谢你发的照片，准备削发为尼的前一秒看见了，现在已经还俗了,正面
嘿！帅哥(吹口哨)，一个人玩手机啊(摘下墨镜)(撩刘海)跟姐唠唠呗姐关心关心你(单手撑墙)(右腿弯曲绕到左腿后面),正面
阿丞，俺不识字，但俺知道你肯定是去干大事儿了，俺求村支书给你写了封信，其实也没啥，就是想告诉你一声村子里上年有了好收成，每家每户都能分到面粉和玉米棒子，家里的母鸡最近也下蛋了，俺托生产队的同志给你送过去，包里还有俺新纳的鞋垫，现在估计快到了，丞，俺想你嘞，下辈子还当你女人,负面
我从小爱吃西红柿，每天一颗买了十多年。忽然有一天西红柿缺货，我在超市嚎啕大哭，别人都不理解。有位老大娘看我哭的厉害赶忙从菜筐里塞我一颗西红柿，我依旧哭的打嗝，大娘疑惑的问:你不要西红柿吗？只有我一人泪如泉涌，他们都不懂，我哪里要西红柿，我要的是哥哥的生生世世。,正面
丞仔！！！快看[爱慕]超多人夸你！！！(这只是一部分[喵喵]) http://t.cn/A6OycNb2,正面
大家都在说哥哥的腰好细，给大家科普一下，这种腰叫孩腰，顾名思义，腰跟小孩子的腰一样细。如果不及时进行治疗，将会越来越细，挤压到心脏。有国外的著名医生说过：“孩腰多远才能进入你的心” [爱你],正面
(停车)(低调的按了按劳斯莱斯的喇叭) (车窗降下)(咬着玫瑰花)(凸造型)(正准备开口)(隔壁交警大队说我停车占道) (充耳不闻)(带上墨镜)（播放凤凰传奇)(薄唇微动)我爱你,负面
我想举报范丞丞考试抄我的答案🥵我一直挡着说 不要抄了 不要抄了🥵当时我的眼泪都流下来了🥵可是他还是没听我说的😢一直在抄我🥵呜呜呜呜🥺[可怜],正面
老公，听说你有一点二,正面
弟 姨今年68离两次婚，带俩娃，没有爱人，没有朋友。姨真的好累，姨一人生活了68年，陪伴我的都是我那一栋栋空旷的富丽豪宅和那车库里落满灰尘的跑车，但是你忽然闯进我的生活中，让我明白你就是我的那个希望。阿姨想认识一下你，告诉阿姨你的联系方式🌹🌹🌹@范丞丞Adam0616 http://t.cn/A6OycNCK,正面
太帅啦老公😍😍😍 为你我赴汤蹈火都在所不辞 ，太帅了😍😍😍帅到宇宙爆炸我爱你的心都恒古不变，我的宝宝你太帅了😍😍😍你就是全天下最帅的男人🌹🌹,正面
范丞丞！！！😍😍😍，你是东半球😞，我是西半球😞，我们在一起就是整个地球🌐🌐😁。你是暖气团☁️☁️☁️☀️，我是冷气团🌙🌨️❄️❄️遇到你，我止不住眼泪💧🌨️🌧️。除了冷锋❄️就是暖锋☀️，希望我们的关系，可以变成准静止锋🌊🌊。就算黄赤交角变成90度,正面
不是，是凌晨2，3点这位知道还在上课，然后他去排队又等了一个多小时。所以宝子怎么都干活到5点了[泪],负面
妈呀...,负面
我愿意付费听课。。。,负面
？卧槽,中性
挖机对周深那下三滥的招和周深老师的无私的倾囊相授形成鲜明对比[微笑],正面
何必劳心费力爱世人[悲伤][悲伤][悲伤],正面
我好想抢个前排告诉他一定要好好休息啊[苦涩],正面
生命粉希望他多重视下自己身体[单身狗],正面
救命[伤心]zs对自己好点儿,正面
更深切明白为什么jhs让宝贝对自己好点，他只是推荐人啊，不是音乐总监啊，根本没有义务去做这些。他真的是倾囊相授，这才不是什么陪伴短短的一段啊[苦涩][苦涩][苦涩],正面
周深就想真心想帮助那些有梦想的人[鲜花],正面
在如今的这样。。。。。娱乐圈还能遇到这样的老师真的是偷着乐吧 ,正面
我说舞台2023你最好对得起周深的付出，你有点良心吧，首先做到别给周深造黄谣谢谢你节目组//@Orchi21:不是，是凌晨2，3点这位知道还在上课，然后他去排队又等了一个多小时。所以宝子怎么都干活到5点了[泪],正面
周深是天使对每个人都好好，但我说真的我不建议老是这么搞真的太伤身体了，还是希望宝贝能多为自己想想，身体健康永远是第一位的[抱一抱]况且这个节目也不配你这么好。,正面
周深我的小天使对自己好点[泪],正面
鹅你做人吧，这么压榨他，真的暴哭，是看出来他人真的善良就这么压榨吗,正面
真的不仅佩服他对别人真心实意的无私付出，也非常佩服他的熬夜不睡极限工作后状态还特别好，优秀成功的他好像真的不用睡觉[哆啦A梦害怕][哆啦A梦害怕][哆啦A梦害怕],正面
？[单身狗]🌿,负面
天[苦涩]他真的是呕心沥血想要帮助别人在舞台上成长！,正面
我宝真的很好很好😭😭😭,正面
必然是肖战的骄阳伴我啊[太阳][太阳][太阳],正面
必须是肖战饰演的盛阳呀，这个夏天，六月是肖春生，七月是时影，九月属于盛阳，继续燃爆整个夏天[打call][打call][打call] http://t.cn/A6O40sXs,正面
骄阳伴我,负面
骄阳伴我 质感十足,正面
小板凳瓜子花生已备好，坐等盛阳登场[允悲][允悲] http://t.cn/A6O48ZUa,正面
必须骄阳,中性
九月我追肖战骄阳伴我[打call][打call],正面
骄阳伴我，期待盛阳,正面
我家盛阳啊，因为骄阳伴我[开学季],正面
肯定是肖战的骄阳伴我啊[打call][打call][打call] http://t.cn/A6ObwgqT,负面
肖战骄阳伴我！,正面
肖战骄阳伴我,正面
还用问吗？必须骄阳伴我,负面
当然是骄阳伴我了,负面
盛阳，一个听名字就能让我嘴角上扬的人啊～～期待值心动值都拉满🤞🏻@X玖少年团肖战DAYTOY  ，骄阳伴我相约9月1日。,负面
骄阳伴我[心] http://t.cn/A6ObAHsk,正面
坐等[嘻嘻]肖战,正面
那当然是肖战的骄阳伴我啦,负面
我对骄阳伴我都望眼欲穿了都 http://t.cn/A6Obyrt9,负面
第一[doge],正面
弟弟真棒[666][666]…弟弟真可爱[奥特曼][奥特曼][奥特曼],正面
想看自拍🤳🤳🤳 http://t.cn/A6Oyi3vz,正面
沅儿 你告诉我 你是不是看见利好发微博了 我说批评其他董事 你也发了个视频[泪][泪],正面
来了来了[开学季]你终于发vlog！你现在领先！[开学季],正面
让我仔细研究一下这张脸😍🧐 http://t.cn/A6Oyiu0X,正面
张钥沅上辈子一定是救过咖啡的命，刚好我也喜欢喝咖啡，四舍五入，张钥沅救过了我的狗命[二哈][二哈][二哈],正面
vlog！！,中性
啊啊啊啊啊啊啊啊啊啊啊啊啊啊你还真发了 以为不会发呢,正面
我瘫痪十几年了看见你的vlog立马就从轮椅上站了起来原本空洞无神的双眼突然发出了光大病初愈你的出现让我看到了光明看到了希望[亲亲][亲亲][亲亲]我的宝 http://t.cn/A6Oyi3zk,负面
蛙趣！vlog！！！！！！我爱你我爱你我爱你,正面
晚安[抱一抱],正面
三子杀疯了 http://t.cn/A6OyXgLn,负面
这也太突然了,负面
你终于来了你知道我们等了多久吗 http://t.cn/A62cTKYE,负面
巧了[doge]今天我休息[并不简单] http://t.cn/A6OyiBVA,正面
好熟悉的感觉 这个阳光这个背景这个bgm[泪],正面
晚上好宝贝，就知道能等到你！！[羞嗒嗒]夸夸，你超级棒的 http://t.cn/A6Oyi3Cx,正面
zyy泥濠，我是你的豁牙子，现在我想吃汤圆，给我，谢谢,负面
嘿嘿嘿，让我来看看新鲜的zyy[羞嗒嗒][羞嗒嗒][羞嗒嗒],负面
哇啊啊啊啊喵喵😻😻😻😻,正面
能不能多给我看看你爸爸的照片[委屈][委屈][委屈],正面
汪？,中性
想你爸爸了[泪],正面
饼饼你怎么长这样了[酷],正面
我家臭豆腐依旧那么美貌[送花花],正面
罐罐怎么不发自拍[来],正面
给我看看我老婆,正面
哇～三个小可爱,正面
中间的是嘘嘘吗？[疑问],正面
啊啊啊好可爱[哇][哇],正面
让我看看你爸,正面
感觉你们自己变样了 女大十八变？[哆啦A梦害怕],负面
哇[傻眼],负面
饼饼啊！你！诶！,正面
嚯，摩卡，你看吧，你是不是失宠了，你的号永远都是发别的猫别的狗，你的地位岌岌可危，唉，你是不是老了，容颜不在了，我滴摩卡啊[泪],正面
#刘宇# 刘宇,负面
喵[喵喵],负面
不是有四只猫吗 刘宇老婆猫猫在哪里！！！？,正面
都没有摩卡好看！[微笑] http://t.cn/A6Obf9cT,正面
当你家猫猫不喝它碗里的水的时候，你只需要去厨房洗个碗或者泡个脚，你家猫会跟渴死鬼一样抢着喝[微笑][微笑],负面
把我家监控拆了！睡着踩奶真的。真觉得它把我踩醒了心里是欧耶的,负面
所以我把她的水碗放在桌子上，假装是我喝的[doge]喝的老开心了[doge],负面
猫猫可以说是属于弱智了[笑cry],负面
没关系我会溺爱,正面
我家猫真的爱啃脚，一不小心就被偷袭[汗],正面
我家的可能不是猫，喝水都是喝它自己的或者我妈给它准备的盆里的。跑酷都在上厕所之前，跑完了再去拉粑粑，然后睡觉。,负面
看你熟睡了，它就展现出白天从未有过的温柔和粘人喵喵喵叫醒你[老师好],正面
除了喝马桶水这个，其他真是我的小天使[二哈] http://t.cn/A6OyP4Mx,负面
@Yuustien 是真的,正面
我家猫刚刚决定尿我床上[跪了][跪了][跪了][跪了],负面
@苓苓七_ [doge],正面
@网路迷因小狗 真的,正面
@咖什么豆,正面
@海上冰镇鲷鱼烧 [打call][打call],正面
@Tchr233,中性
@Takeiteasy_ok 哈哈哈哈哈哈哈是妹妹没错了,正面
@咸鱼甘楽Drrr,负面
总结:孽子想气死爹妈的决策过程,正面
没有十年血的教训写不出来这么完整的血泪史,正面
牛逼 http://t.cn/A6Oy3n8K,正面
一众前辈为俺们乐坛新星保驾护航捏🥺,正面
这才是音乐的意义啊[泪],正面
所以 马哥是用星期一到星期五的概念来表达人生的各个阶段！！！,正面
实力颜值并存！这么强的小队长哪里找！[好爱哦],正面
我哭死了 好幸福,正面
星期一里一开始有五个－7,正面
幸福 想哭[悲伤]#马嘉祺个人ep所以开始既定重启的星期一#,正面
小马好棒#马嘉祺个人ep所以开始既定重启的星期一# ,负面
💜音乐是什么？“音乐给予我们被理解的浪漫”，在疲惫的工作日，或许我们都需要一首歌的慰藉。欢迎收听马嘉祺 个人ep主打曲《Fri Friday》💜,正面
真的好喜欢,正面
特别特别特别用心的礼物！好喜欢[哆啦A梦花心]#马嘉祺个人ep所以开始既定重启的星期一#,正面
马嘉祺好棒，马芙好牛,正面
💜周五的夜晚，让城市变得有生机，忙碌的上班族有时间停下脚步，看看周遭的风景。在【人气实力双𝐓𝐎𝐏&官认全能 𝐀𝐂𝐄】@时代少年团队长-马嘉祺 的《所以开始既定重启的星期一》里探索成长的烦恼💜,正面
音乐的意义！#马嘉祺个人ep所以开始既定重启的星期一#,负面
💜追星路漫漫，热爱心动不止，和@时代少年团队长-马嘉祺 个人EP主打单曲《Fri Friday》，一起去更远的地方吧！💜,正面
超棒,正面
#马嘉祺个人ep所以开始既定重启的星期一# 小马太棒啦,正面
马嘉祺的ep就是最好的礼物！！！（流泪猫猫头）😭😭😭,正面
💜新生代𝐓𝐎𝐏级全开麦唱跳实力💜唱跳演rap乐器创作优质全能💜潜力演员实力歌手💜唯一官认𝐀𝐂𝐄认准💜@时代少年团队长-马嘉祺,正面
帅而自知,正面
哈哈哈哈哈哈哈哈哈说的没错曹恩齐 帅[来],正面
我同意 曹恩齐大帅哥谁反对！！！！,正面
以后我们给你刷弹幕就写“曹恩齐，帅！！”怎么样[送花花],正面
哥！看我做的卡背！[全力以赴] http://t.cn/A6OGM336,正面
恩齐选快乐还是加倍快乐呢 http://t.cn/A6OGMeA2,正面
我说我碗里怎么没有东西，原来我的菜在这里 http://t.cn/A6OGMsRU,负面
对对对！曹恩齐是超级大帅哥啊啊！你觉得呢,正面
快乐小狗也喜欢帅哥，它来送祝福啦[打call] http://t.cn/A6OGxPb9,正面
自拍自拍自拍自拍[老师好][老师好][老师好]还有昕薇的球球你 http://t.cn/A6OGMmnU,正面
恩齐宝宝！你最棒啦！！！奖励你吃巧克力宝宝！[亲亲] http://t.cn/A6OGMncO,正面
看你的照片，花了我0.2%的电量，3M的流量，一分钟的时间，73焦耳的热量，还浪费我用26键打了70个汉字，9个逗号，12个阿拉伯数字，这让我原本不富裕的家庭雪上加霜，所以我的条件是:嫁给我！,负面
盖竹柏影也～ http://t.cn/A6OGMEmo,负面
这么帅的男人就应该湖南人先谈 这么帅的男人就应该湖南人先谈 这么帅的男人就应该湖南人先谈 这么帅的男人就应该湖南人先谈 这么帅的男人就应该湖南人先谈😍😍😍,正面
夸！狠狠夸！,正面
曹恩齐！帅！曹恩齐！帅！曹恩齐！帅！曹恩齐！帅曹恩齐！帅！重要的事情要多说几遍！！,正面
帅的（这条评论虽然只有短短的两个字 却透露出一丝高冷与漫不经心的从容 与我放荡不羁的身影相得益彰 结尾的句号礼貌又不失疏离感恰如其分地显示了陈述高贵而优雅的气质）,正面
帅的我流口水[舔屏][舔屏]立马结婚！！ http://t.cn/A6OGxDxj,正面
你是懂发弹幕的[右哼哼]那你懂不懂评论 http://t.cn/A60kGBJS,负面
你是大帅哥我同意[鲜花],正面
我怎么觉得自打莲花楼开播以来，我就没坐下过呢[费解],正面
卧槽  莲花楼牛大发了,正面
啊啊啊啊。关键是40多万打分的8.2呢,正面
我真的要哭了[泪]，值得，楼子值得，成毅值得[泪],正面
不愧是我下载注册豆瓣打的第一部剧，@成毅 太厉害了[心][心][心][心][心][心],正面
明月 每隔两天就要我们起立[允悲]哈哈哈哈,正面
莲花楼必定爆火一翻的[打call][打call][打call],负面
成毅值得，莲花楼值得，感谢各位莲络人，ie真棒，莲络人真棒[努力][努力][努力],正面
莲花楼好🐮，成毅好厉害，作为ie很骄傲,正面
只有真的口碑剧，开分才会一直涨。成毅李莲花厉害，莲花楼好棒,正面
还好我是ie，不然得气死[笑cry][笑cry][笑cry],正面
太好了！！！！（起立，整理领带，擦亮皮鞋，大喊成毅牛逼！！！！！👏👏👏,负面
继续！50w冲啊,中性
起立！呱唧呱唧，成毅牛逼,正面
[哈哈][哈哈][哈哈]还好我是ie，不然得多生气[嘻嘻][嘻嘻][嘻嘻][嘻嘻][嘻嘻][嘻嘻][嘻嘻]哈哈哈哈哈哈哈哈哈哈哈,正面
莲花楼真心是一部口碑极佳的上乘佳作！太牛了！成毅真的很厉害[good][good][good],正面
哈哈哈哈哈，真正的民选爆剧！楼子🐮！成毅🐮！,正面
好消息一个接一个，莲花楼赢麻了👏👏👏本莲络人爽翻了[酷][酷][酷]楼子继续冲冲冲，好剧值得一个8.5[打call][打call][打call],正面
爽！通体舒畅！所以我就说对啊，莲花楼就是民选爆剧啊，不服憋着。,正面
我是为了莲花楼特意去下载豆瓣评分的，因为觉得8.1分太低了，只是能力有限啊！8.9分才正常嘛。,负面
杨紫小夭[good][good][good],负面
杨紫长相思#杨紫小夭# 赢麻了[哇][哇][哇] http://t.cn/A6OArxDN,正面
杨紫小夭厉害了[小夭][小夭][小夭] http://t.cn/A6OAe9Ew,负面
长相思牛批，杨紫小夭[给力],正面
长相思🐮,正面
杨紫长相思小夭,正面
杨紫小夭[小夭][心] http://t.cn/A6OAe0Vr,正面
杨紫长相思[打call][打call][打call]杨紫小夭[爱你],正面
长相思不加限定词的爆，全方位无短板的爆，暑期档唯一爆剧 http://t.cn/A6OAeYuj,负面
长相思，杨紫小夭牛批,正面
长相思,正面
长相思牛，杨紫小夭值得[爱你][爱你][爱你][爱你] http://t.cn/A6OAeeX7,正面
杨紫长相思牛批[小夭][小夭][小夭],正面
杨紫小夭[小夭][小夭][小夭] http://t.cn/A6OADvc6,负面
长相思优秀[打call]，全网热议！ http://t.cn/A6OAD7pD,正面
杨紫小夭值得[good] http://t.cn/A6OADZgB,正面
长相思牛，全方位无短板 http://t.cn/A6OAeF1Y,正面
微博酷云双认证，今年的第二大爆剧 http://t.cn/A6OAer5c,正面
杨紫小夭,负面
黄明昊撞脸钱多多的小时候 果然可爱的皮囊千篇一律，要可爱都很可爱黄明昊 钱多多 全力以赴的行动派 综艺,正面
👿👿👿,中性
有请余华老师出场[doge][doge][doge],正面
片尾小贾对着镜头敬礼那个出自哪里，好萌[悲伤],正面
为什么男的脸都这么大,负面
嘿！你也在关注“黄明昊”吗？快戳http://t.cn/A6pseZwQ进入专题页查看并关注相关博主吧，包含@angelababy 、@MIC池约翰CJ 等30位博主哦，热门精彩内容不错过！ http://t.cn/A6OU8UQh,正面
哈哈哈哈哈狗狗塑赢很大,正面
白衣服男的脸怎么这么肿大,负面
黄明昊哈基米哈基米,负面
右边那个女生是谁[好爱哦],正面
所以这是什么综艺吖？,正面
第一个小白狗像涂山璟[笑cry],正面
昊昊是真的太可爱啦,正面
宝宝[打call][泪][泪][泪],正面
您好，恭喜您的视频荣登视频飙升榜，综艺领域第16名，榜单小时级更新请尽快查看哦~快来查看分享你的上榜视频吧~榜单戳》http://t.cn/A6OUY0i7,负面
@念古咕咕,正面
小贾的视频选的真好！夸夸！[哇],正面
哇塞真的好像哈哈哈哈,正面
孙红雷：幸亏没我[doge],负面
杨幂[允悲],正面
不知道谁给p的，真的很搞笑啊哈哈哈 http://t.cn/A6OUQmto,正面
玱玹对他乡下表弟真好，房子塌了还帮忙建,负面
表弟有老婆[兔子][兔子] http://t.cn/A6OUHEZa,正面
很难相信这两部剧好像是挨在一起拍的[作揖]张晚意作为演员的可塑性真的很厉害！,负面
每次都会被玱玹这张照片眼眶里的泪水惊住,正面
前世今生[酷],正面
笑崩溃了[挤眼] http://t.cn/A6OUR7zs,正面
陈兴杰 弱小孤独无助.jpg,正面
玱玹:不认识,负面
你们大人在干嘛[污] http://t.cn/A6O4SAla,负面
图片评论 http://t.cn/A6OUFzMV,负面
哈哈哈哈哈[doge],正面
真的好好笑，陈兴杰[玱玹] http://t.cn/A6O4aBgR,正面
哈哈哈哈哈太有才了,正面
去看父辈的荣耀啊[泪][泪][泪]，一定要，每集都在骗我眼泪，顾家一家子太不容易了，五个异姓孩子，不是亲人胜似亲人，都要好好的,正面
@Imgakkiko @ItsTene 我真的笑死,正面
古代现代都是小苦瓜[允悲],正面
玱玹对你表弟好点[玱玹][玱玹],负面
我们兴杰最后进城了进城了进城了[嘻嘻],正面
陈兴杰好呆[兔子]萌死谁了我不说,正面
叮🔔，我第一☝️,正面
姐姐好棒呀,正面
来啦，只想姐姐眷顾我，没有烦恼，神明啊，月末了，请实现愿望吧[鲜花],正面
姐姐做的事情很有意义，大家也都献出自己的一份爱心，一起来帮忙了呀[抱一抱] http://t.cn/A6OGJK5T,正面
姐姐又在做有意义的事了，为你点赞[赞][赞][赞][赞],正面
[抱一抱],正面
美茜茜真的超级棒特优秀👏👏👏[good][good][good][心][心][心][鲜花][鲜花][鲜花][打call][打call][打call],正面
姐姐，你真的好优秀[太开心][太开心][太开心],正面
姐姐太敬业了，明天9月了，祝姐姐越来越好，越来越顺！ http://t.cn/A6OAdNlU,正面
[鼓掌][鼓掌][鼓掌],正面
姐姐好棒[彩虹屁],正面
姐姐我学的护理[鼓掌][鼓掌][鼓掌] http://t.cn/A6OGITiT,正面
觉得很有意义的事，会有更多人的帮助，一切充满着美好,正面
特别有爱心的一位姐姐，这是一件非常有意义的事情，希望更多的人能够参与,正面
姐姐太棒了！好优秀啊，这个必须支持起来！姐姐继续加油哦,正面
因为姐姐做的也是特别有意义的事情啊，所以才会有人来支持的 http://t.cn/A6OGJ6JK,正面
姐姐太棒啦[抱一抱][抱一抱][爱你][爱你][打call][打call]@孙茜,正面
[哈哈],正面
姑姑有爱心，[good][good][good],正面
哇哇哇哇哇哇哇，好棒诶姐姐,正面
已预约，9月1号去看盛阳宝贝,负面
喔噻❗️[耶][给力]继续升温🔝,负面
奔走相告,中性
[哇][哇][哇]9月1日见盛阳。,负面
等你[心][心][心] http://t.cn/A6ObCp0z,正面
已预约，9月1号去看肖战看盛阳 http://t.cn/A6Ob1lFb,负面
盛阳小宝贝[抱一抱],正面
哇哦！！！[赞][赞][赞][赞][赞],正面
坐等阳阳[打call][打call][打call] http://t.cn/A6OG8htQ,负面
已预约，就等9.1啦！,负面
9月1日见喽盛阳[哇],负面
超级期待[打call],正面
期待肖战盛阳,正面
赞👍,正面
奔走相告，预约#肖战骄阳伴我# 一起看盛阳走向幸福[嘻嘻],正面
为优秀努力的肖战宝贝而来@X玖少年团肖战DAYTOY http://t.cn/A6OGTrzM,正面
冲[全力以赴],正面
约了，9月1号看我家宝贝盛阳[送花花]#肖战盛阳#,正面
期待盛阳期待肖战,正面
必须的，哈哈,正面
我办公室几个追楼的同事，就亡妻还是亡夫的问题展开激烈争议哈哈哈,正面
也是我最爱的三件套。。[伤心],正面
第二张的be感绝了[苦涩][苦涩],正面
成毅别看，是恶评，你小心他一气之下气一下[喵喵],负面
乍一看种田文，仔细一看挖坟文,正面
成毅内心： http://t.cn/A6OyXupz,正面
李莲花挥袖子吹蜡烛[doge],负面
？？？第一个评论比较多的也是亡夫回忆录,负面
抖人最爱三件套,正面
借个楼：在强调一次，不是顶着成毅头像的，就是成毅粉丝，不是顶着成毅相关ID的，就是成毅粉丝，成毅粉丝粉籍没那么好领，大家在外面也注意一下哦[作揖][作揖][作揖],负面
哈哈哈哈泥塑蒸煮是对他的至高评价！,正面
全是白月光[泪],正面
还差寡妇哭坟[允悲],正面
哈哈哈哈哈哈哈哈哈哈哈哈哈哈对不起声音有点大[允悲],正面
李莲花美丽且实在聪明,正面
又刀我[单身狗],负面
我好像又被刀了[泪],正面
都好看[心],正面
论演员的塑造能力！😍🥰❤️💕😘👍#成毅#，#成毅莲花楼#，#莲花楼#，#成毅李莲花李相夷#,正面
简直不要太贴切[巨齿鲨2：深渊],负面
这么明码标价……建议养不起就别生[微笑][作揖],负面
连做顿饭都要算他头上？你们一口不吃？全给她吃，吃不完兜着去学校，大学三年都吃着一兜子菜,正面
生活费1000还嫌多 养不起别生[晕],负面
你本来也可以选择当初花几块钱买个套[可爱],正面
2699的手机都是杂牌子了，在乎那区区一家人吃的一顿饭？我该说你有钱呢还是该说你没钱呢[吃惊],负面
[二哈]我第一次看见让孩子自己贷款上学的 牛啊,正面
不是吧？花的这么少还要被阴阳？,正面
养不起别生[爱你],正面
养不起别生的意思不只是让别人养不起别生 我自己养不起也不生 有的人别在那抬杠了[太开心],负面
偷换什么概念呢有些人，谁说经济水平一般不能生孩子啊，关键是你得知道养孩子不简单，要付出很多精力还有非常多的爱啊。别成天在那里抱怨孩子不好养，还要让孩子来背苦难锅啊。,正面
这桌子菜是女儿一个人吃的吗？这也算进去[哆啦A梦害怕],正面
我13年前大学生活费一个月都1000，现在什么物价？你孩子吃得饱吗[汗],正面
去学校前煮顿她喜欢吃的菜不是应该的吗？,正面
她好倒霉托生到你家了,负面
tm生活费一千块日常开销都不够吧…十年前大学我就要2800了还只是吃喝，衣服都是周末麻麻带逛街买的她出钱…,正面
我真的受够了 甚至都没有去旅游 而且买的东西根本不贵 还是学费占60% 真好意思发啊 上大学还要贷 穷到这种地步了都[允悲]一个月才一千块到底有能力买什么想买的的东西 你们不想养没钱养还非要她跟着受罪 要她吃苦 然后还要她感恩是吧 ch父母现状[允悲],正面
正常开支吧   你要是不想开支你可以不生[作揖],负面
其他我不说，生活费1000，平均下来一天30多，吃的很好吗，这能吃到啥啊，按现在的物价一碗带几块肉的粉面都要十五以上吧，快餐十五块大概能够吃，那还有一餐呢，偶尔还想吃点别的甜点奶茶呢，大学四年也别和同学聚餐了，就都吃快餐吧，反正福建的物价就是这样，那其他地方便宜我没话说,正面
他妈的，煮顿饭两百也要算上，就她一个人吃是吧,负面
电脑买那么便宜，能用吗？怎么也要5000吧，不理解你这个家长,正面
人老真的是从眼睛开始的，除了眼睛，其他地方现在还是一模一样,正面
我记得她有段时间和那个形象设计师在一起的时候特美,正面
就是！！！怎么会这么漂亮呢！！[泪],正面
想说些漂亮的话哄你，可是想来想去最漂亮的只有你了,正面
天呐 32岁长这样[悲伤],正面
周一加油,正面
拿着照片的周迅妆容好像小狐啊！和陈坤赵薇演的那部电影,正面
不光漂亮 还很灵动 是女性都觉得漂亮的类型,正面
今天从侧面了解了一下你的情况，发现你侧面也很美。 ​​​,负面
我有一个很长很长的故事，需要一生一世，慢慢讲给你听,正面
我看你平时大大咧咧的，怎么喜欢我却不好意思说 ​​,正面
谢谢分享快乐你[666],正面
来了来了,正面
白的花胜似绿的叶，浓的酒不如淡的茶——《繁星·春水》 冰心,正面
为了记住你的笑容，我拼命按下心中的快门,正面
如果你受苦了，感谢自己，说明你还有前进的动力,正面
看世间万象，感人生百态,正面
愿时光能缓，愿故人不散；愿你惦念的人能和你道晚安，愿你独闯的日子里不觉得孤单,正面
星光不问赶路人，时光不负有心人~,正面
🔺黄礼志𝗜𝗧𝗭𝗬唯一𝑨𝑪𝑬🔺恭喜眉酱世巡🐦登多国趋势【队内最快且唯一】登泰趋💥solo舞台获多条万转🌪️队内世巡solo唯一万转拥有者🌬️个人魅力一骑绝尘💅舞台亮眼吸睛神图视频多次出圈👍不愧是𝗯𝗼𝗿𝗻 𝘁𝗼 𝗯𝗲 𝗶𝗱𝗼𝗹😼 http://t.cn/A6Oy3ERM,正面
我说𝑰𝑻𝒁𝒀礼志做得好🥴繁忙期间勤上线🕕问候粉丝少不了💬能唱能跳业务好💯River翻跳已破5kw时尚表现好评如潮♨️高音生唱𝗧𝗲𝗮𝗿𝘀喜获TikTok千万▶️礼志实力无上限欢迎入股🖤 http://t.cn/A6Oy3ubS,正面
🔺黄礼志𝗜𝗧𝗭𝗬唯一𝑨𝑪𝑬🔺恭喜眉酱世巡🐦登多国趋势【队内最快且唯一】登泰趋💥solo舞台获多条万转🌪️队内世巡solo唯一万转拥有者🌬️个人魅力一骑绝尘💅舞台亮眼吸睛神图视频多次出圈👍不愧是𝗯𝗼𝗿𝗻 𝘁𝗼 𝗯𝗲 𝗶𝗱𝗼𝗹😼 http://t.cn/A6Oy3mui,正面
我说𝑰𝑻𝒁𝒀礼志做得好🥴繁忙期间勤上线🕕问候粉丝少不了💬能唱能跳业务好💯River翻跳已破5kw时尚表现好评如潮♨️高音生唱𝗧𝗲𝗮𝗿𝘀喜获TikTok千万▶️礼志实力无上限欢迎入股🖤 http://t.cn/A6Oy3nBd,正面
黄礼志 http://t.cn/A6Oy3mbk,负面
申留真 http://t.cn/A6Oy3uht,正面
申留真好美[爱你][爱你][爱你][爱你] http://t.cn/A6Oy3m7e,正面
申留真 http://t.cn/A6Oy33bi,正面
发现我的小猫真真了吗💛妈生好脸自拍能手🎬反转魅力𝗌𝖾𝗇𝗌𝖾精🧩心善捐款小天使👼🏻凭实绩说话轻松解除疑虑☑️找到小猫欢迎光临@申留真_candysquad 🎀可以放心贝勾🧱有振奋热情答疑 包教包会😋 http://t.cn/A6Oy3rhC,正面
是谁手握𝟛𝟙支百万直拍❓是谁五女𝓽𝓲𝓴𝓽𝓸𝓴第一破百亿❓是谁⑤⑤万票池五代女团最佳C位❓当然是名副其实概念中心官方𝖈𝖊𝖓𝖙𝖊𝖗＆唯一𝓽𝓸𝓹申留真⚜️有着妈生好脸📸舞台直拍实力圈粉🖇️慕强批还不快来入股小猫留真尼😻 http://t.cn/A6Oy31je,正面
"🦋𝕶𝖊𝖊𝖕 𝖎𝖙 𝖈𝖔𝖒𝖎𝖓𝖌, 𝖈𝖆𝖑𝖑𝖎𝖓𝖌🦋深海低吟的人鱼公主🌊摄人心魄的歌声穿透舞台🎶无可复制的美貌与实力兼备🤟🏻神颜实力𝐓𝐨𝐩级的养成系快乐哪里有🥴𝙸𝚃𝚉𝚈门面忙内申有娜𝗬𝗨𝗡𝗔告诉你✅ http://t.cn/A6Oy14Yd",正面
申留真 http://t.cn/A6Oy3ulZ,正面
🐬深海低吟心空甜嗓👼𝐼𝑇𝑍𝑌唯1️⃣ᴠɪsᴜᴀʟ申有娜🐰兔系天菜𝒄𝒍𝒆𝒂𝒏 𝒚𝒐𝒖𝒓 𝒔𝒐𝒖𝒍🧜🏻‍♀️👖牛仔裤model 𝑌2𝐾神女🔱手握1️⃣9️⃣只百万直拍1️⃣只八百万出圈美人鱼𝑓𝑜𝑐𝑢𝑠💄风险入坑百分百回报🧚🏻‍♀️ http://t.cn/A6Oy12Vc,正面
✨申有娜𝘠𝘜𝘕𝘈🐶ITZY唯一门面🌹真正的美貌营销🍑不靠粉丝只靠路人吹🥺舞台轻松带飞粉丝💪🏻大眼小兔🐰动漫身材👸🏻绝美腰臀比🔥🌶️ 你问我什么是真的❓申有娜神女下凡大家都懂得🤭 http://t.cn/A6Oy1UEb,正面
𝐖𝐡𝐲 𝐬𝐨 𝐬𝐞𝐫𝐢𝐨𝐮𝐬?🐈‍⬛沙漠狐狸𝐂𝐡𝐚𝐞𝐫𝐲𝐞𝐨𝐧𝐠驾到🎤性感而又迷人⛓️一步步俘获你的心脏️‍💣妩媚轻盈却又不乏力量的舞步在舞台上一步步烙下爪印🐾冲出重重迷雾🌫️小狐狸想占领你内心的高处🏹 http://t.cn/A6Oy3daR,正面
𝐈𝐓𝐙𝐘【𝙘𝙚𝙣𝙩𝙚𝙧·𝙈𝙖𝙞𝙣 𝙧𝙖𝙥𝙥𝙚𝙧&𝙩𝙝𝙚 𝙤𝙣𝙡𝙮 𝙏𝙤𝙥】申留真♡百万直拍队内领跑♔多次捐款好评如潮❈自然美女诠释有效看秀✞⁺热帖源源不断🎼◆认准@申留真_candysquad 搬砖🧱签收舞台体质申留真的魅力 http://t.cn/A6Oy3rcD,正面
𝐑𝐲𝐮𝐣𝐢𝐧𝐰𝐢𝐭𝐡𝐆𝐮𝐜𝐜𝐢 💐事业型全能爱豆申留真📀受邀参加顶奢𝐆𝐔𝐂𝐂𝐈早春秀🌷队内｜唯一｜收获多条Q&P看秀热帖❤️‍🔥打破团队空白期无热帖魔咒🪄秀场生图出圈登上世趋及各国趋势🌺有效个资露脸即热度🔝慕强批天堂欢迎入股♟️ http://t.cn/A6Oy31dC,正面
线下活动频频出圈怒古呀⁉️𝕀𝕋ℤ𝕐主舞𝔸ℂ𝔼黄礼志告诉你答案😏时尚活动获🐦多条高赞推文🔥采访𝙘𝙖𝙛𝙚热帖不断♨️𝙛𝙖𝙣 𝙢𝙚𝙚𝙩𝙞𝙣𝙜还原💽好评如潮💫是𝑨𝒍𝒍-𝒓𝒐𝒖𝒏𝒅𝒆𝒓 𝑸𝑼𝑬𝑬𝑵的基操啦🥴 http://t.cn/A6Oy3mlq,正面
🍓𝑅&𝐵 𝒫𝓇𝒾𝓃𝒸𝑒𝓈𝓈 𝑱𝒖𝒍𝒊𝒂🍓中音醇厚流畅🎻高音干净清亮🎶队内最宽音域𝔼𝕓𝟛-𝔽#𝟝-𝔹𝟝🎹开口即提高音质💽 𝚁𝚑𝚢𝚝𝚑𝚖&转音&𝙵𝚕𝚘𝚠&气息&唱商天才💫听𝑳𝑰𝑨开口给耳朵做按摩💆🏻‍♀️ http://t.cn/A6Oy1hhE,正面
什么❓你在搜【女五舞一】❓半亿女王🅨🅔🅙🅘就是答案🕹️23年YTB检索量【队内第一】♨️【五代第一且唯一】拥有达5400𝘄▶️的单人舞蹈cover📍刷新AOTM栏目纪录的缔造者🔺sc栏目【唯一】单、双人、团体五千万纪录的持有者💥 http://t.cn/A6Oy3u4x,负面
期待金智秀 http://t.cn/A6O4GK1s,正面
期待金智秀,正面
𝑨𝒍𝒍 𝑬𝒚𝒆𝒔 𝒐𝒏 𝑱𝑰𝑺𝑶𝑶 KPOP油管【最快】达成百万播放量的solo艺人首日iTunes🇺🇸一位速度＋销量𝐀𝐥𝐥 𝐤𝐢𝐥𝐥 均为KPOP女solo【第一】🎴Kpop女艺人Spotify首日增粉数/空降排名/流媒均历史Kpop女solo【第一】🧨国内流媒【七榜登顶】,正面
📌KPOP女一金智秀🚨历代艺人中📖【第一】真金白银『🔥断层𝑻𝑶𝑷🔥 』🧨【第一且唯一】预售超过𝟏𝟑𝟎𝐰的百万女solo🍷刷新🇰🇷女solo🧱H榜首日/首周/累计销量【最高记录】📕【第一且唯一】初动百万Kpop女solo💯恭喜𝑴𝑬创造历史,正面
金智秀[心],正面
📣一骑绝尘亚女一𝐋𝐈𝐒𝐀💥初SOLO大爆反超大队👉🏻拿下KPOP全体女艺人【最高流媒单曲】🚨首位获得多首•法国黄金单曲认证•K-SOLO歌手💸单人打团创造奇迹🏹当之无愧的𝓚𝓟𝓞𝓟 𝓠𝓤𝓔𝓔𝓝💃,正面
☁️亚女一𝐋𝐈𝐒𝐀•荣获亚洲名人堂提名☁️KPOP【第一且唯一】⚡️亚洲杰出代表人物🪝全球人气全面发展⛓️泰兰德总理称赞📌带动国家经济增长的爱豆之光⚗️女一效应只增不减下家永远望尘莫及🥹 http://t.cn/A6O4G94F,正面
期待门面主唱金智秀[舔屏] http://t.cn/A6O4GSBW,正面
只期待金智秀 http://t.cn/A6O4GSre,正面
☁️亚女一𝐋𝐈𝐒𝐀•荣获亚洲名人堂提名☁️KPOP【第一且唯一】⚡️亚洲杰出代表人物🪝全球人气全面发展⛓️泰兰德总理称赞📌带动国家经济增长的爱豆之光⚗️女一效应只增不减下家永远望尘莫及🥹 http://t.cn/A6O4GSZ9,正面
☁️亚女一𝐋𝐈𝐒𝐀•荣获亚洲名人堂提名☁️KPOP【第一且唯一】⚡️亚洲杰出代表人物🪝全球人气全面发展⛓️泰兰德总理称赞📌带动国家经济增长的爱豆之光⚗️女一效应只增不减下家永远望尘莫及🥹,正面
期待Lisa,正面
Lisa,中性
金智秀,正面
期待金智秀[色] http://t.cn/A6O4SLF6,正面
铁,正面
期待金智秀[舔屏][舔屏] http://t.cn/A6O4SLAf,正面
金智秀[舔屏],正面
听听郑伟说的话，人言否？,正面
戏外的薛印怎么那么欠揍,正面
郑伟为什么你三十六度的嘴能说出如此冰冷的话,负面
都是真.话，小景说的话就是我心里的话，感谢压力，感谢笔下留情,正面
哈哈哈所以迫于压力整了个其实大家都懂的双结局[开学季]你小子还挺懂做人留一线 王倦：网暴是坚决不可能承受的[挤眼],正面
谢谢你薛映[哆啦A梦害怕],正面
郑伟小朋友你不要太皮[doge],正面
哈哈哈哈哈哈哈哈哈哈一个个可都太了解倦大了[doge][二哈],正面
谢谢你啊薛映,正面
郑伟你[抓狂][抓狂][抓狂],负面
薛映：主打一个吃瓜群众,负面
碰上不善良的倦，第一季过半女主就杀青也不是没可能[doge],正面
薛映你小子,正面
衙内呢,负面
对圆满过敏，好精准,正面
不是小薛你变了。你怎么可以说出如此冰冷的话。[哼],正面
薛映我真是笑死[憧憬],负面
[doge],中性
郑伟36度的嘴是怎么说出这么冰冷的话的[笑cry],负面
郑伟你说的是人话吗！！！！[苦涩][苦涩][苦涩][苦涩],正面
说句直白的，李湘这么多年虽然非议很多，但除了老公，人家没塌过房。。。,负面
她其实是湖南人的骄傲，她爸是湖南省高院的副院长，她妈是申湘汽车的总经理,正面
她的聪明与情商从哪里看出来，就是女儿参加爸爸去哪儿就能看出，孩子2.3岁，表达能力、共情能力、逻辑能力，已超过很多孩子,正面
别的不说，主持人做得不错，买房决定也很明智。买房的钱哪儿来得,正面
真的怀疑她拿的重生剧本[苦涩]🙏,正面
除了选老公没眼光，其他都很牛[笑cry],正面
李湘是中传的大专生！,负面
虚荣浅薄之徒而已。第一次婚姻最暴露本质。晒女儿的庸俗操作更是让人作呕。,负面
这辈子算我倒霉[可爱],正面
李湘是很有钱，可是跟万达集团王思聪大少爷相比，李湘的钱💰就是九牛一毛而已[猪头][猪头][猪头][偷乐][偷乐][偷乐],负面
真的 当时她带货很多人喷，现在带货的明星那么多，她真的很有眼光,正面
再怎么眼光独到，也是有一点内幕消息的吧,正面
首先她家有钱,正面
主持人还没有怎么跨行的时候她就演戏、唱歌了，等大家都一窝蜂去演戏她又去开公司投资电视电影去了，之后综艺大电影这个idea也是她提的，（虽然爸哪系列电影不咋地但是票房可是实打实的），明星还瞧不上直播的时候她又把传统电视的工作辞了开始搞直播，等所有人都去直播卖货了她已经赚够钱退休,正面
真是活的精彩,正面
她除了老公没选好，本人业务能力非常好，又是高知家庭出生，别把她和湾湾那两个小太妹比，不是一个级别[doge],正面
看过一个介绍 李湘上大学就开始买房 而且是一个月买一套[允悲][允悲]太厉害了,正面
又要割韭菜带货捞了[doge][允悲],正面
第一个丈夫李厚霖不是钻石💎商人吗？咋没说,负面
只要吵闹罚钱，肯定鸦雀无声了，其他人不敢保证，反正廖文绝对不会说话了[鲜花],负面
时代幼稚园，都是小孩子太吵了可以理解,正面
这群倒霉孩子可能因为说话会扣钱吧,负面
我要笑死了 这期要素过多过新 后半段一整个全程爆笑[笑cry]时代幼儿园那段和蒜香和张哥那段真的绝了[笑cry][笑cry][笑cry],正面
感觉他们到八十岁也会被要求玩十分钟不能说话的游戏🙏,负面
哈哈哈哈哈哈哈好搞笑的一堆男的,正面
孩子话多,正面
“老师等会儿帮你揍他”哈哈哈哈哈哈哈哈哈哈哈哈哈哈哈哈哈这种好事儿能让我来吗[太阳][太阳][太阳],正面
讲腹语只有他们能听懂,正面
这一期的梗太密了[苦涩]笑得喘不过气,正面
清净了耳朵 吵到了眼睛哈哈哈哈哈 [哈哈],负面
其实孩子们嗯嗯嗯也挺吵的[微笑],负面
看似七个人但只要一说起话来有八百个人的气势[爱你],正面
@小蒋公举子 有滤镜了时团饱饱们[亲亲],正面
我笑死了梦回以前讲话罚钱哈哈哈哈哈哈哈哈哈,正面
时代幼儿园[doge],正面
可是没有声音的视频也会传导声音[可怜][可怜],负面
1、这老师好帅2、他们这样也很吵3、嗯嗯嗯嗯嗯嗯嗯,负面
谁懂我，就是他们这个状态跟我给孩子们排六一节目一模一样，有告状的有不停讲话的有自己在那玩的，然后我就会跟他们玩游戏，多长时间不讲话安安静静的表现好，我就给他们糖吃[允悲],正面
呜呜这些规定都好可爱啊啊啊啊啊[亲亲][舔屏],正面
宝宝最美了[赢牛奶][赢牛奶],正面
宝宝分享一下健身经验！,正面
想看小七的美妆自用好物分享[馋嘴],正面
我必来宝宝,正面
#赖美云[超话]#lmy#微博变美手册# 和小七一起变美[抱一抱][抱一抱]@赖美云 ,正面
哇,正面
一起变美[彩虹屁],正面
好好好，美妆博主小赖上线[开学季],正面
老婆[舔屏][舔屏][舔屏],正面
小七好漂亮,正面
饱饱[哇][哇][哇][哇],正面
和小赖一起变美[打call][打call][打call],正面
跟宝贝一起变美[爱你],正面
我想看你的美丽日记,正面
想看小赖的分享[开学季],正面
漂亮晕晕[色][色][色][色],负面
赖美云[打call],正面
等待宝宝给我们推荐更多变美好物！,正面
想看小七的[哇][哇][哇],正面
有些事你们必须明白，国家尊严，不容污蔑。你生在这里，享受着这里的便利和福报，你爱不爱它它都是你的母国。一个不爱自己母族的人，到哪儿都被人瞧不起。你可以不为国家做什么，但什么不能做你得心里清楚。那些黑子们，说给你听的。,正面
看你ID就知道谁在扯淡，不把你转出来都对不起你说的这大段p话//@爱吃桃子的狸小羊:好扯淡，有些人不是活在清朝，是还活在唐朝抗日战争这个事这么说战争是战争屠杀是屠杀和纳粹一样最大的错误不是说歧视发动战争侵略而是屠杀侵略也好歧视也好动物本性人这个种族从开始到现在用各种法律道德约束种族,正面
[赞]把我们的民族自信言简意赅地说得清清楚楚！,正面
以史为镜，可以知兴替，我们研究历史，就是要搞明白:国，因何而兴，为何而亡，我们记得高光，也不会遗忘屈辱，高光勉励我们前行，屈辱激励我们绝不可落后，中华五千年是多灾多难的五千年，然多难兴邦，中国人既然战胜过五千年的坎坷与困苦，就更不怕以后的任何艰难和险阻。,正面
可是，近十年发生的一切，给我们的后代留了无尽的谎言,正面
谁打我一下我都要打回几下，我国被小日本欺负得那么惨，做鬼都不放过他们[怒],正面
泪目了 建议全文背诵,正面
五十三了，竟然还能被这文言催泪，不仅悲悯还有有精、气、神！[赞][赞][赞],正面
这文案封神了@咩歪歪歪,正面
四大文明古国，现仅存我们国家[举手] 吊炸了好吧[并不简单],正面
我们的人民才是自己的神,正面
说的好[good][good][good],正面
呜呜呜呜呜呜呜，讲得太好了！[泪][泪],正面
不是我们强调，是别人试图抹杀、扭曲、掩埋！我们有责任拨乱反正！我们铭记历史不是要挑起世界战争，是时刻警醒落后就要挨打。仅此[作揖][作揖][作揖],正面
微博到底是什么成分？这几句话里面有哪一句是违反了法律规定的？ http://t.cn/A6ObfndG,正面
讲得真好[赞],正面
哇！讲得太好了，我们国家现在的一切都来之不易，一定会更好！,正面
激励吾辈当自强,正面
中华民族骨子里就流淌着坚韧顽强的血液，打不倒辱不屈摧不毁！我们才是自己的神！,正面
西方伪史也很多，所谓的科学有的也是偷的中国的,正面
林韩中加油[打call][打call][打call],正面
宝贝[羞嗒嗒]加油,正面
期待林韩中[抱一抱],正面
期待韩中[爱你],正面
好帅啊我不行了[失望][失望],负面
期待林韩中啦[憧憬][憧憬],正面
好乖啊崽崽！,正面
宝宝说的一字一句的 可爱,正面
期待林韩中舞台[鼓掌],正面
小林，我们10.4佛山见[抱一抱],正面
宝贝加油！,正面
期待小林同学[打call][打call],正面
韩中四号见哦[爱你],正面
加油加油[打call],正面
期待林韩中,正面
期待期待[打call],正面
林韩中你好帅[哇],正面
韩中加油,正面
好棒好棒！[哇],正面
美国日本这个世界的祸害,正面
做了67次核试验，倒了20w吨核废料,正面
这我真的刚知道,正面
都看看！！！ http://t.cn/A6OL3FVz,负面
美国把这当实验地，不把当地居民安置好的？,负面
难怪美国赞成排海，因为美国拉得最多[吐],负面
原来海绵宝宝是纪录片啊[跪了]，以前我还跟我女儿争论最接受不了的动画片就是海绵宝宝，因为完全无法理解的造型和剧情[跪了][跪了][跪了],正面
我一直以为那些是深海物种，没有想到是变异啊[泪],正面
我们现在抗日不需要付出生命的代价，只需要少买一件日本衣服，少用一个日本护肤品，这个是能做到的呀每个人都可以出一份力，不要只是伤心焦虑了 坚持抵制日货比先辈们容易多了。 http://t.cn/A6OL3xId,正面
？？？？还有当地居民？？？？,负面
美国支持日本排海，其实主要是要掩盖他们自己也排出的过量的核废水是吧？,正面
美日两个地球毒瘤[怒]害人害海害世界[怒]民愤难平[怒],正面
美国在则世界不宁,正面
这就是日本700亿营销费之转移视线和目标？？？？？？,正面
这对父子能不能一起没,正面
美日是一点人事不干啊，原来是有前科,正面
犹太与大和，地球村的不幸,正面
05年的时候当地居民去联合国申诉过，说他们生出来的新生婴儿跟史莱姆或者一滩水一样,负面
天哪，简直是骇人听闻[泪][泪],正面
这是真的吗[抓狂][抓狂],负面
期待黄子弘凡新歌[赢牛奶][赢牛奶]9月1日10点！！,负面
什么❓黄子弘凡全新单曲《成为你想成为的大人》要上线‼️这次给我们带来什么样的惊喜呢🎁快快打开播放器🎵和@黄子弘凡_Lars 一起找到真正的自己吧😘,正面
期待歌手黄子弘凡[亲亲],正面
期待黄子弘凡的新歌[哇],正面
都来试听啦！【0901】上午十点🥳 【0901】上午十点 🥳 【0901】上午十点🥳黄子弘凡全新单曲《成为你想成为的大人》正式上线✌️推开成长大门🚪 和@黄子弘凡_Lars  成为理想“大人”🤟,正面
我希望满山遍野的鲜花为你盛开🌸  我希望无边无际的海洋为你翻滚 🌊我希望你是快乐的 🥰自由的 🥳无拘无束的😁我希望 你能成为你想成为的大人  👩🏻【0901】和@黄子弘凡_Lars 一起《成为你想成为的大人》,正面
期待歌手黄子弘凡的新作品[打call][打call][打call],正面
好青春[识神小狐],正面
超级期待黄子弘凡的新歌[哇],正面
少年自当扶摇上，揽星衔月逐日光✨他说音乐像一束光照耀着他🌅如今他用音乐谱写自己对成长的态度🎶听@黄子弘凡_Lars 的《成为你想成为的大人》，感受他的破茧蜕变之程🦋,正面
好听！！！！期待完整版！！！！！！！！！！！！！！,负面
好听[打call]期待黄子弘凡新歌,正面
凡心所向🌼，素履以往，生如逆旅🍃，一苇以航。成为你想成为的大人，一起乘风破浪⛵！与@黄子弘凡_Lars 一起唱响《成为你想成为的大人》寻找青春答案。,正面
期待黄子弘凡新歌[开学季][开学季][开学季][开学季][开学季],正面
期待黄子弘凡啦 http://t.cn/A6OGfTat,正面
你想成为一个什么样的大人❓平凡而又伟大 ✨自由而又热烈✨在风华正茂的年纪  人生不被定义 🔥9月1日锁定@黄子弘凡_Lars 全新单曲《成为你想成为的大人》找寻答案,正面
快全都来试听啦！【0901】上午十点🥳 【0901】上午十点 🥳 【0901】上午十点🥳黄子弘凡全新单曲《成为你想成为的大人》正式上线✌️推开成长大门🚪 和@黄子弘凡_Lars  成为理想“大人”🤟 http://t.cn/A6OGIAsX,正面
【0901】上午十点🥳 【0901】上午十点 🥳 【0901】上午十点🥳黄子弘凡全新单曲《成为你想成为的大人》正式上线✌️推开成长大门🚪 和@黄子弘凡_Lars  成为理想“大人”🤟,正面
 #黄子弘凡新歌预告# 期待黄子弘凡新歌《成为你想成为的大人》[打call][打call],正面
小的时候总会想自己以后会成为什么样的人😦自己的理想究竟是什么🤔️9月1日上午10:00⏱️一起来听@黄子弘凡_Lars 唱《成为你想成为的大人》吧📸,正面
平行世界的佟年小可爱一定要幸福快乐，午安,正面
杨紫佟年[一起吃糖],负面
佟年,中性
我的佟年宝贝[抱一抱],正面
佟年晚安💤,正面
杨紫佟年小可爱[小夭],正面
拥有梦想，拥有演员的梦想，一直拥有演员的梦想的人李现@李现ing #李现[超话]#,正面
是我的佟年宝贝[抱抱][抱抱][抱抱],正面
好久不见佟年[送花花][送花花][送花花],正面
学霸年年[鲜花],正面
有梦想的人永远年少,正面
杨紫佟年李现韩商言[亲亲][亲亲][亲亲],负面
佟年[心],正面
想和眸里有星光的软萌妹子对视，看高智商学霸谈恋爱的样子。夏天是青春的季节，来尝甜甜的学霸追爱，看@杨紫 演绎甜美歌姬佟年。💜#杨紫佟年#,正面
年年宝贝杨紫,正面
佟年宝宝[抱一抱],正面
佟年宝贝，拥有你，就是拥有了幸福和快乐@杨紫,正面
杨紫佟年[爱你],正面
佟年[泪],正面
我觉得今天用大王效果一定比昨天强,正面
那不可能，中国队所有的教练都要用王哲林[太开心],正面
感觉如果实力接近，换一换会有效果，会出现奇兵，球员身体技术素质差距太大了,负面
今天能赢一场吗？,正面
我也发了呢[允悲],正面
轩轩太棒了，继续加油[加油][加油],正面
胡明轩，你今天超级高水平,负面
见证欧洲黑魔法的时候到了，不是黑魔法就是黑历史,正面
加油[加油],正面
别用张镇麟了，上大秋。,正面
加油吧[心][心][心],正面
兄弟们至少赢一场吧[怒骂]硬起来干他[怒骂],负面
加油加油,正面
这特么要是还打不出个精气神来，就特么原地退役吧[感冒],负面
名帅超级高水平[赞],正面
胡金秋可以打首发的啊,负面
除了赵睿，每一个都有发挥好跟不好的时候，让我们猜猜这一次中奖的都是谁[doge][doge][doge],正面
付豪出息了[打call],负面
就是不上胡金秋[doge],负面
男篮⛹🏻️  加油！！！,正面
大付从边缘干到了首发，老王从轮换干到了老家,负面
这他妈什么阵型？,负面
加油加油 冲就完了！,正面
干就完了，别想太多，金继豪,负面
体彩下了一注，能不能赢一次了[允悲],正面
大付终于首发了,负面
直接回家吧，每次比赛都替你丢人,正面
上来就失误……,正面
教练在想啥呢？变来变去，还有时间吗？郭士强上得了。,正面
首发又换了,负面
这。。。,负面
排列组合都试试🚬🚬🚬,正面
大付首发啦,负面
至少赢一场吧,正面
[打call][打call][打call][打call] http://t.cn/A6OGlCdO,负面
付豪值得,正面
抓紧备战2027年世界杯2028年洛杉矶奥运会，相信中国男篮，相信中国篮协，他们还年轻， 成长的空间还很足[加油][加油][加油]。以此类推，永远备战下去吧。,正面
王哲林必须首发,负面
赢一场吧！！！,正面
哲林放心飞，苏菲勇敢追,正面
[打call][打call][打call] http://t.cn/A6OGj2QP,负面
张振鳞裤子都穿反了？？闹呢,负面
周鹏很严重吗？,负面
男篮⛹🏻️ 加油！！！,正面
[打call][打call] http://t.cn/A6OGj3fV,负面
一起上虎扑app看新闻、玩评分、畅聊赛场内外http://t.cn/A6N4ZXM7,正面
小组赛为了排位赛观察和热身,正面
胡金秋上那么少时间也是让我不解的,负面
周鹏应该是伤了  打不了了[泪],正面
预测两分钟内付豪被换下,正面
争口气啊小伙子们,正面
胡金秋呢,负面
别变了 主力别打了吧 别受伤了,正面
昨天推谁啦[吃瓜],负面
不会这场是发国难财吧，哈哈……,负面
[偷乐]收到 天使的心跳,负面
男篮打了所有人的脸,负面
今天要红了,正面
上车！,正面
看中国男篮 vs 安哥拉比赛直播，上咪咕视频：http://t.cn/A6Ow82KY,正面
更期待周不沾能贡献什么花样,正面
篮球之神王哲林呢,正面
五连败 咚咚咚！[嘻嘻],正面
必输无疑,正面
让大球替周队首发会shi?,负面
安哥拉赢了能怎么样？ 输赢无所谓是吗这场 刚看 没懂[允悲],正面
[弱][弱][弱],负面
我很想问这个是什么图标 http://t.cn/A6OGWR4m,负面
加油,正面
这衣服有点偏大了嗷,负面
今天加油[赢牛奶],正面
赢了赢了[泪][泪]小fu今天针不戳[泪][泪],正面
加油🐯,正面
今天该赢了吧,正面
大付争气啊[good],负面
加油！,正面
要我主教练，首发：赵睿，胡明轩，崔永熙，胡金秋，周琦[doge],正面
名帅果然很特别，场场都是练兵呀,正面
这防守堪忧啊,负面
有俩人的防守真的[允悲][允悲],正面
热身赛的时候崔永熙场场首发+主力，到了世界杯上场都很少[允悲]这是为什么呢，不让打之前又要排他,正面
怎么变都是徒劳[苦涩],正面
牛逼，下一场继续变,正面
完了，零首付竟然先发了[裂开],负面
[doge][doge],中性
男篮今天输了，明年国家队没有一场比赛了，奥运会落选赛都没资格打,正面
md，打一场换一次，这怎么打的好,正面
k / 𝐤 / 2 / 3 / 2 /·/ 𝐜/ 𝐜观賽，看賽。福利领！[打call][打call],正面
中国男篮会告诉你什么叫底线[doge][doge][doge],正面
什么？中国又赢！,正面
前面三分不准那是没碰上中国队[doge],负面
遭了，要让他说中了[doge][doge][doge],正面
乔尔科维奇：好的，王哲林打三十分钟[doge],正面
我电脑看的 我怎么转腾讯二部啊[笑cry],正面
王哲林打那么好[doge]为什么弃用[偷笑]你告诉我   这场大王必须打满全场[偷笑],正面
这家给你预测的,正面
弃用王哲林，效果太好了，你把用人战术告诉了乔尔杰维奇吗,正面
不是我们太强是安哥拉太弱,负面
静雨在哪解说啊,正面
希望雨哥能预言成真,正面
这家给你预测的 还真中了,正面
输了，你裸奔？,正面
赢了，鲸鱼倒立吃shi,正面
你怎么害在那指点江山呢[吃瓜],负面
这回预测准了雨子[悲伤],正面
今天不说教练下课了？,正面
鲸鱼还真是有点东西的[喵喵]说的大差不离，真赢了,负面
第九场，首发还没弄清楚，继续洗教练，别停,负面
看好这场周琦大魔王爆发40+15带走比赛[doge],负面
让我想起了22赛季的我哥[doge],正面
谁首发都够呛,负面
张振林块下去吧 太差了,负面
周奶奶上线,正面
上来一失误[允悲][允悲],正面
咋的，不头铁上王哲林了？,正面
遥想当年，本赛季湖人的第35摊首发[doge],负面
求你了，今天千万别上wzl[允悲],正面
你说带个会投三分的杜润旺多好,负面
赢一次吧！,正面
周琦笑死我了哈哈哈哈,正面
和上个赛季我湖一样[哆啦A梦害怕]，不懂怎么赢,正面
赢不了一点,负面
又一场失利,负面
[打call][打call] http://t.cn/A6OGYvch,负面
哪里直播,负面
又菜又爱玩,正面
乔教练真是固执的可怕🙈🙈🙈早用胡金秋，那三场里得赢一场,正面
昨天那场球最后就应该上他而不是那软蛋,正面
这球给wzl，已经回防了[允悲],正面
比赛还没有结束，，，稳住胜利[doge][doge][doge],正面
4号位？不，他是最强中锋[泪][泪],正面
早上大秋前两场就不会输那么惨,正面
赵继伟大胆打，不要在乎命中率该投投该突突,正面
图片评论 http://t.cn/A6OGEAR2,负面
然后又短路了,中性
乔尔杰维奇早点用说不定现在都已经出线了,负面
要是前两场用胡多打，至少得拿下一场,负面
为啥不早上,负面
太硬了[拳头],负面
不懂就问，如果小日本剩下的两场都输了，我们两场都赢了是不是铁定有奥运会入场券？如果小日本输了两场，我们赢了一场，都是一胜一负，是不是比净胜分？,正面
什么？中锋会扣篮？,正面
稳住啊,中性
还是有想打的,正面
王哲林尴尬不,正面
安哥拉真废，连中国队都打不过[笑cry],负面
牛逼,正面
阿联退役仪式要大办 大王退役仪式要早办,正面
大秋打得越好，越觉得遗憾,正面
为什么 为什么 为什么！,正面
早不用 非用那个大傻子,负面
王哲林一脸震惊[doge],正面
我敢打包票这个球要是换成卧龙凤雏肯定就没了,负面
可惜了，现在要去巴黎太难了，必须要两站全胜，还得看日本脸色[二哈],正面
老子看到周王两人在下面鼓掌就来气,正面
这才是中锋,负面
[doge]这搁王奶奶那不得先撩一下秀发，再来个过桥啊。,正面
周琦转会仪式能不办就不办。//@三分机器西蒙斯:阿联退役仪式要大办 大王退役仪式要早办,负面
早该用了[哼],正面
王哲林退出吧[笑cry],正面
这哪里不比王太太强,正面
[doge] http://t.cn/A6OGRPVf,负面
换wzl：拿下篮板，收球俯身，强起被规，两罚不中[doge],正面
解气[爱你][爱你],正面
草，[怒][怒],负面
王哲林纯小丑🤡,正面
踏马的，早上胡金秋啊,负面
少谁谁尴尬,负面
早知现在何必当初,正面
图片评论 http://t.cn/A6OGEZfG,负面
镜头给足了，真的觉得欠苏伟一个道歉[允悲],负面
本来就不能上他，太慢了,负面
乔帅干的漂亮,正面
这就是个祸害,中性
直接弃用,中性
谁不上谁尴尬,负面
胡金秋太好用了,负面
王哲林没上是胜利的关键,正面
感觉三连败还是会的，只是不会看的让人绝望,负面
起码说场上打出来的完全不是一个概念了！,正面
安哥拉输在不是闫指导的粉丝了,正面
安哥拉因为三分和投篮不准[二哈],负面
你可以去应聘安哥拉主教练了,负面
会战术也没用啊都不准，南苏丹和波多黎各顶着你都进。这已经不是一个级别的对手了。只能说安哥拉不愧是中国队的老朋友了,正面
谁能想到国内现役最好的四号位胡金秋坐了三场板凳,正面
唉，没有如果啊[允悲],正面
[doge]然后千算万算没算到日本能赢,正面
留了后手啊[good],负面
这算不算你猜对了[笑cry][笑cry][笑cry],正面
有道理[允悲][允悲][允悲]估计其他队都懵了，这是个隐形大杀器呀[笑cry],正面
这么说只是漏算了日本赢了一场[允悲],正面
会说话还得是卢总阿[doge][doge][doge],正面
你说的对！[嘻嘻],正面
有道理,正面
老乔没看广厦比赛,正面
让二追_,正面
醉了[汗],正面
[偷笑]有道理，反正前面也赢不了,负面
总座高见,正面
我说总座高见[doge][doge][doge],正面
大秋累完了[允悲],正面
赶紧的，拉二胡,负面
睢冉的人别再祸害国家队了[微笑],负面
安哥拉🇦🇴：卧槽你们21号怎么来的,负面
秘密武器[doge],正面
这是照死了用啊，大秋好样的[good],负面
爱死我胡金秋宝贝了[心][心]，冲冲冲！大爷们给我顶住[haha],正面
能赢啦[笑cry][笑cry][笑cry][笑cry][笑cry][笑cry][笑cry][笑cry][笑cry],正面
二胡配大锤[good],负面
早就应该上大秋了[doge],正面
中国队领先了就不会打球了，落后了就没有拼劲了，你们告诉我他拿啥赢[怒],负面
笑死,负面
终于看到胡金秋的香了啊老乔[苦涩],正面
今天全靠大秋,正面
累得大喘气,负面
张镇麟想干嘛,负面
好秋，胡大王才是真大王,正面
大秋牛逼二胡凑响美妙乐章,正面
老乔用三后卫是奇兵，老杜用三后卫就被喷上天[二哈][二哈][允悲][允悲],正面
因为一山不容二胡吧[二哈][二哈][二哈]但是老乔估计不知道有种乐器叫二胡，也挺不错的[爱你],正面
教练自负，固执己见,正面
好奇有没有一种可能，他知道小组赛那三个都打不过，又不想被人研究到胡[喵喵],正面
排位赛的秘密武器,正面
教练装逼呗,正面
加油加油啊,正面
多赢点,中性
不和[二哈][二哈][二哈],负面
哈哈哈,正面
之前都是假玩[二哈]，你说啥呢[太开心][太开心][太开心],正面
疏离感警告[doge],负面
哈哈哈哈哈哈哈哈 毕竟不熟[干饭人],正面
赢了就行啊,正面
哈哈哈哈，[doge][doge]让他自己玩去,正面
艾伦，怒签解说合同[doge],负面
哈哈哈哈哈哈哈哈哈哈  等会又说继伟偷偷练了,正面
早上胡金秋不就好了吗？,负面
这下半场有点杜锋时期国家队的打法了，看得真舒服。,正面
质疑杜指导，理解杜指导，成为杜指导[doge],正面
大胆打别怕失误别怕被盖,正面
他终于上了大秋 感动死了[悲伤],正面
不懂就问这场赢了对咱们有啥影响啊,负面
[泪][泪][泪]不说领先多少，打得总归有点气势有点意思了,正面
上王哲林呀！！！留给他的时间不多了[doge],负面
终于赢了,正面
自信,正面
信心也来了，至少是个正常篮球比赛了,正面
希望多赢点分吧，梦想还是要有的,正面
没谁不重要，赢球了挺尴尬,负面
今天这场要是赢了   那就是在打王哲林的脸[doge][doge][doge][doge],正面
我是不是飘了，竟然希望多刷点儿分[笑cry],负面
王哲林的价值出来了[doge][doge][doge],正面
奥运会还有机会吗？,正面
大秋，我的超人！！,正面
冲啊中国队,中性
今晚中国球迷可以吃饺子了,正面
終於有些血性了,正面
加油加油加油,正面
再探再报。,正面
别松懈，得多捞净胜分啊[允悲],正面
不浪费一丝电,负面
要不是后面亮灯牌了，我一开始还以为上面没人[允悲],正面
伪装者,正面
只有一首歌的演唱会罢了[泪],正面
笑死我了，训练有素得楼丝哈哈哈,正面
主要也是尊重他人，我们粉丝很有礼貌,正面
青海真的绝,负面
笑死了，灯牌戏法,负面
搞得像时代少年团主场,正面
虽然但是五颜六色真的好看吗？,正面
笑死  时团主场了直接[允悲][允悲][允悲],正面
这样很好，尊重前辈也能让小炸们看到自己的粉丝[抱一抱],正面
[泪][泪] http://t.cn/A6O4Ktbo,正面
演唱会[鼓掌][鼓掌][鼓掌][笑cry],正面
炸丝真的很克制了[心],正面
看到贺峻霖了[好爱哦][好爱哦][好爱哦][好爱哦],正面
主打专一[举手],正面
训练有素的楼丝,正面
小海螺好多[打call][打call][打call],负面
粉丝宝宝们好有礼貌啊[打call],正面
已编辑6p，那就下次再见啦V(^_^)V,负面
啊啊啊好萌好萌[抓狂][抓狂][抓狂]两位小公主辛苦啦，早点休息[抓狂],正面
#邓佳鑫  三代第一vocal#  萌萌的小公主～,正面
真的梦回小时候,正面
好萌的一只小呆猫[兔子],正面
好可爱[好爱哦],正面
辛苦啦[哇],正面
辛苦了 早点休息[抱一抱],正面
辛苦啦 小邓要补觉哦[哇],正面
哇 公主妈咪辛苦啦,正面
公主[抱一抱],正面
邓佳鑫,正面
邓佳鑫[哇],正面
[好爱哦][好爱哦][好爱哦][好爱哦][好爱哦],正面
我突然悟了[允悲]邓佳鑫不发微博是不是因为剪了这瓜头瓜脑的发型，自己觉得不好看了[doge]孩大要面,正面
好乖  让我摸摸[坏笑][坏笑],正面
好嫩好萌[抱一抱],正面
辛苦啦 ，好漂亮[打call][打call],正面
邓佳鑫头发好厚[泪]而且还多,正面
啊啊啊啊我的猫猫[舔屏][舔屏][舔屏],正面
哦嗨哟学姐 结婚👰,负面
真是可爱晕了，好甜好乖，麻麻抱抱[亲亲][亲亲][抱抱],正面
好乖的女儿[毛球],正面
老公[哇],正面
往后稍稍这么可爱我先亲[哇][哇][哇],正面
很喜欢的[胖红生气] [小V生气],负面
啊啊啊啊啊，好可爱的女儿[好喜欢][好喜欢]啵啵啵,正面
哎呦喂！宝宝真的可爱鼠了😚😚😚,正面
乖宝好可爱捏😘,正面
小乖[亲亲][亲亲],正面
宝宝随意的也好美丽,正面
我去 老公[抱一抱],正面
都被我疯狂收走，拿去做小卡素材[亲亲][亲亲],正面
太乖了[亲亲][亲亲]想你哦[毛球],正面
哎呦，哪里来的这么嫩的小乖崽,负面
我天呢 老公我爱你[泪],正面
好可爱的🥺,正面
可爱死了[亲亲],正面
这么美老婆[舔屏],正面
可爱！,正面
喜剧演员的底层思维是不快乐，自我挣脱后的快乐才是真正的解脱，愿自在快乐。共勉。,正面
唉，小学四年级父母离婚，跟奶奶生活，每个月吃排骨吃肉还得掐着日子。生活费两边也是斤斤计较[泪],正面
啊……离婚不是父母不去爱孩子的借口。我5岁时父母离异，虽然他们见面还会吵架，但不妨碍他们爱我。从小到大，礼物双份，零用双份。出国时，爸爸生意失败没钱，妈妈给了我支撑。我很感谢他们，也不怨恨他们离婚，他们有权力过好自己的生活。,正面
没有什么痛苦和阴影会是一辈子的，敢走向太阳的人先享受温暖,正面
综艺名《童话》这个节目很好看的，一群成年人不带手机不带电子产品，不带食材和钱，到小孩子管理的一个童话小岛上生活，一切都要听孩子们的规则，马丽哭是因为嘉宾们和小朋友们帮她度过了一个特别特别梦幻温暖的生日，真的是很有新意很没有压力很放松的节目。,正面
治愈的也不是童年的自己了，是成年的自己了。,正面
是，我先生也跟我说过他已经不记得初中以前的所有事情了，唯独记得爸妈离婚后，他每天都是一个人，以及那天爸爸问他要跟谁，他说了跟爸爸，之后就再也没见过妈妈，至今也不记得妈妈的模样。好像所有的事情从那个时候起，就从他脑海中消失了，怎么都不记得了。[苦涩],正面
我小时候，我爸妈经常吵架，我对童年的印象就是无止境的拉架，讨好他们，说让他们开心的事，现在我长大了，看到吵架还是止不住的颤抖。,正面
我的童年和青春期都是在争吵谩骂中度过的，我爸妈是六零后，他们思想守旧觉得离婚和出轨一样丢人，但是他们又很暴戾，家里隔三差五就要上演散打比赛。不幸的人生各有各的苦逼。,正面
没关系啦，我9岁的时候父母就离异啦。我今年26岁哦，男朋友很爱我，父母现在都很幸福。都有各自的事情很幸福。不幸就不回忆啦，现在一切向好[一起吃糖],正面
自己做自己最坚强的依靠,正面
我理解，我的童年青少年时期心底一片黑暗，我有完整的家庭，黑暗是父母的性格给的。,正面
不幸的童年，要靠一生去治愈，但那不是童年，是缺憾的自己,正面
我爸以前总是家暴我妈，但是我妈一直在保护我们5个给我们爱 所以我从来不觉得我的童年是悲惨的。我只觉得我妈妈很惨。长大后我能赚钱了 我爸再也不敢家暴了。所以我觉得很多人说父母离婚导致童年不幸，我再看看我 反而觉得在我这个家  我妈如果自私点早离婚那该多好。因为我妈妈幸福了 我就觉得幸福了,正面
啥也不想说，更不要觉得自己很惨，否则会很难过。每个人都一样，很多事情总得自己消化。,正面
我已经37岁了，还在被父母消耗，他们不懂得生活乐趣，每天都是骂人吵架，让对方赶紧死,正面
其实我觉得最难受的不是父母离婚，是父母没离婚，但是从小就是打压谩骂，各种难听的话还家庭暴力，这种才是好压抑[允悲],正面
我到80岁都得哭着诉说我的童年……,正面
小学三年级爸妈离婚  寄住在老师家   有给住宿费的那种  记得老师家孩子特喜欢欺负我   冬天把我锁在阳台 平时总是拿我东西 后来辗转去了关系比较好的同学家  同学是单人床  就在里面搭了一排凳子  我睡在凳子上   妈妈来看我时候哭了  但是也没办法  当时妈妈也很难  不幸的童年会让人缺乏安全感,正面
喜欢一些有格局的前辈，怪不得能在鸟巢开演唱会呢[桃里桃气],正面
刘雨昕仙那度巡演 请多多关心吧 http://t.cn/A6OyfdjA,正面
雨昕玩得开心 杰哥演唱会顺利[桃里桃气],正面
[桃里桃气][桃里桃气],正面
昕宝玩的开心哦[桃里桃气]@刘雨昕,正面
有道理//@铁血女保镖:喜欢一些有格局的前辈，怪不得能在鸟巢开演唱会呢[桃里桃气],正面
宝贝！,正面
我焯，梦幻联动,正面
好棒好牛,正面
🤫//@铁血女保镖:喜欢一些有格局的前辈，怪不得能在鸟巢开演唱会呢[桃里桃气],正面
一个TMEA之前都没有交集的前辈给堡垒的宣传多过一些合作过的艺人[允悲][允悲][允悲],正面
我宝宝好可爱[桃里桃气]真是特种兵啊今天下飞机就去了吧这是哈哈哈，昨天刚开完成都2w人场今天就去看杰哥的演唱会，祝杰哥演唱会一切顺利，也期待刘雨昕0916上海梅奔和1005北京凯迪拉克[送花花],正面
我滴宝女中豪杰[举手][开学季],正面
#刘雨昕去看了张杰演唱会# [舔屏],负面
刘雨昕上海仙那度见！,负面
雨昕你咋跑那么快的[桃里桃气] 玩得开心[打call][打call]杰哥演唱会顺利,正面
#刘雨昕胸震# ,负面
#刘雨昕去看了张杰演唱会# 女中豪杰[桃里桃气],正面
好好好 真的很好啊宝宝[苦涩],正面
总是最真诚最热烈的小猫宝宝,正面
一直都是互相奔赴啊😭😭,负面
宝贝怎么会有人不爱你啊😭😭怎么可能会有人不爱你😭,正面
再也遇不到比你更真诚的人了😭,负面
很真诚的小猫宝宝,正面
好爱你啊我的宝宝[泪][泪][泪][泪][泪][泪]@时代少年团-严浩翔,正面
好真诚的浩翔宝宝 我真的好爱好爱你[泪][泪][泪],正面
啊啊啊啊啊啊[泪][泪][泪][泪]我想严浩翔了[苦涩][苦涩],正面
好想[泪],正面
真诚的宝宝,正面
我宝宝天下第一好！,正面
呜呜呜那时候眼泪真的差点掉下来,正面
好想你好想你我的宝宝,正面
宝宝[苦涩][苦涩][苦涩],正面
老公你这个bgm配的特别好[泪][泪][泪],正面
最好的小猫宝宝[泪],正面
眼睛尿尿了[苦涩][苦涩],负面
接住宝宝的爱！,正面
啊啊啊啊啊又想见线下了[泪][泪],正面
什么时候跳whatever什么时候跳whatever什么时候跳whatever@曾黎,负面
和姐姐一起告别八月～～姐姐可以有八月第一翻嘛？[举手][爱你][哈哈]@曾黎,正面
姐姐p6看着好香[女孩儿],正面
姐姐 我在去学校的高铁上 已经坐了六个小时了 还有一个小时 可不可以翻翻！🥺@曾黎,正面
哇偶 姐姐不翻牌的话俺都要粘锅了[doge],负面
姐姐就发了两张自己[苦涩]为什么不是九宫格自己[苦涩],正面
月底了，让孩子体验一下被翻牌的快乐吧[心][抱抱],正面
八月要结束啦！姐姐九月也要天天开心！嘿嘿今天翻不翻[爱你],正面
姐姐九月继续快乐啊[送花花]@曾黎,正面
所以梨梨姐八月都要结束了还不翻翻嘛！悄悄的也行啊[开学季],正面
姐姐每一天都要开开心心啊，告别八月，迎接九月[打call],正面
好吃嘛好吃嘛，我猜今天会翻牌[来],正面
哇塞，p5的银杏是我们家长的特产诶[赞],正面
姐姐八月第一翻还没有呢～,正面
那我要八月最后一翻？[思考],正面
姐姐镜头下的大自然好有生命力～我猜今天翻牌有我[哈哈][打call][兔子]@曾黎,正面
姐姐我明天开学考试了[泪],正面
顺风而生～我们是陪伴彼此的风～,正面
马上开学喽开学前翻翻我嘛[送花花],负面
好养眼的日常plog http://t.cn/A60FYnqS,正面
控制不住内耗的时候，听听这段话,正面
这段话真的是i人的进阶比较高的阶段。只有经常精神内耗的人，慢慢摸索，才能摸索出这个道理,正面
檀健次值得！全能ACE！[抱一抱][抱一抱][抱一抱]慢慢来的，会更好！,正面
最喜欢这个采访啦！精神内耗的时候看一看真的很有感触,正面
努力付出 平淡看待结果的清醒艺人,正面
“慢慢来我不知道会不会比较快，但是我觉得慢慢来是会有惊喜的。”——檀健次 跟着檀先生脚踏实地，试着做一个情绪稳定的人，拒绝内耗，努力的人一定会收获属于自己的惊喜！💛🧡💛@MIC檀健次JC-T,正面
檀健次真的很难让人不爱,正面
檀健次就是内娱的宝藏[抱一抱],正面
脚踏实地，自然而然,负面
人长得帅、唱跳俱佳、演技又好、综艺又放得开、机灵搞笑的全能真是少见，我都多少年不对一个明星心动了，这个夏天属于封神和檀健次,正面
[泪]他的成功是一步一步走出来的[哇],正面
就是感觉很有内涵 很有内核 是有点东西的,正面
脚踏实地比什么都重要,正面
檀健次真的值得火，值得大火特火[毛球],负面
总有些人，生来就努力作自己，从没打算讨好谁，用毫不遮掩的锐利锋芒，惊艳了时光@MIC檀健次JC-T,正面
他真的值得,正面
他这个实力真的有资格觉得别人没发现他是别人的损失啊，躺平的人还是不要这样想的好[捂脸],负面
 因为他知道自己努力过了 尽人事听天命[求抱抱],正面
他还是蛮清醒的[嘻嘻],正面
什么成分？,正面
还有好多人不会点赞呢,正面
谁给我说一个对比，不然我没概念,正面
我要知道在哪点，绝对送他上5亿,正面
很牛逼的水平,正面
长相思真的给他带了很大的加成,正面
这么多怎么没上热搜呢，有点奇怪,负面
檀帝牛逼的水平 http://t.cn/A6OUe8fb,正面
[羞嗒嗒][羞嗒嗒] http://t.cn/A6O4vzd9,负面
我不知道怎么点赞的水平[单身狗][单身狗][单身狗],负面
第一次玩快手直播，前面都不知道点赞在哪里[允悲]怎么没有个小❤️❤️什么的，后面忙着傻乐，也只是随机点点,正面
没用过根本不知道怎么点[笑cry],负面
我找了半天也没找到点赞的地,负面
这个直播，他本人微博账号没发过，工作室也没发过，要不是那天首页刷到，我都不知道有这回事，如果预告宣传过…赞数应该更可怕[微笑],负面
属于非常牛逼的水平了,正面
很牛的水平[舔屏][舔屏],正面
第一次下快手！那个发文字的聊天框怎么去掉？[裂开]我想录屏都没法录,负面
我没咋点呢，光欣赏美貌去了，这都3.4亿了,正面
很牛逼的水平[老师好] http://t.cn/A6OUB8U2,正面
好多人还不会点赞，不然比这个更多[打call][打call][打call],正面
评论里夸帅的认真的吗？这不就普通观众的水平吗,正面
在现场，真的很帅。去现场的都说帅，介绍嘉宾环节里全场尖叫声最大的,负面
这是素颜吧 笑起来很有感染力,正面
演唱会大屏被投到，还是素颜。。说不好看的可以换位想一下你不小心把手机自拍连到家里电视投屏的亚子,负面
评论里审美绑架认真的吗 你觉得不帅别人觉得帅就不认真？[悲伤],正面
我在重温 变成你的那一天 太好看咯[泪][泪][泪],正面
确实很帅啊,正面
这是真的帅啊 笑的好阳光[好爱哦],正面
张新成真的好帅。。不理解怎么会有人get不到这个脸去喜欢那些崎岖的脸的,负面
我去呢帅成这样,负面
那天大屏幕上看，镜头给到他，确实眼前一亮，很帅,正面
好明朗帅气的喜羊羊[haha][女孩儿][女孩儿][女孩儿],正面
素颜好帅,正面
我去，好牛逼一张脸,负面
评论区有些人真敢说，自己正主都没这个水平还说很多观众都比张新成水平高[傻眼],负面
好帅高干文男主,正面
卧槽………这哥好帅…………,正面
好适合拍电影的感觉啊[哆啦A梦害怕],正面
好帅...,负面
他是舒舒服服的那种帅，我朋友在现场，镜头一切到张新成，她尖叫疯了，直接原地入坑了，给我说了一天好帅，好帅[允悲],正面
哈哈哈哈互联网发达就是好啊[喵喵],正面
孩子从小到大都是这么欢乐,正面
头宝啊，这一关我是帮不了你什么了，你静静等待下一关吧[泪],正面
太可爱了每一个场景都很实用[笑而不语][笑而不语]喜剧人爱豆哈哈哈,正面
哈哈哈哈这么一看宋亚轩确实挺实用的[笑cry][笑cry][笑cry][笑cry],正面
我他妈笑得好崩溃@-芝麻酱酱酱-,负面
简直就是一个大活宝，每天都在搞节目，动图一堆,负面
蒜轩宝宝每天挺忙的[悲伤],正面
#宋亚轩实用型爱豆#让蒜轩看到👀,负面
脆哥是神经系爱豆[哇],正面
怎么办啊哈哈哈 以后还想他演正剧呢,正面
常看常新 脆哥 这一关你得自己扛,正面
他真的好好笑，我粉他的时候觉得他帅，不粉了觉得他好用[老师好],正面
现在要叫脆爷了哈哈哈哈,正面
哈哈哈哈哈，我儿子全是笑料,正面
哈哈哈哈哈哈哈哈哈哈哈哈小心蒜轩找你，晚上最好别闭眼睡觉[笑cry][笑cry][笑cry][笑cry][笑cry][笑cry][笑cry][笑cry][笑cry][笑cry],正面
@时代少年团-宋亚轩 脆哥别看 是恶评,正面
憋笑好痛苦,正面
宋亚轩:你们开心就好[哈哈][哈哈][哈哈][哈哈],正面
真“内向”,负面
秦时丽人明月心浙江周播年冠，盈利率50%+ http://t.cn/A6OyfFQl,正面
迪丽热巴古装有周播年冠秦时丽人明月心，也有年冠爆剧枕上书，与君初相识，烈火如歌 http://t.cn/A6OyI2kA,正面
红衣配美人[憧憬] http://t.cn/A6Oyfd5W,正面
这个时候她才24，已经能演女帝的气势了,正面
哈哈哈哈迪丽热巴实绩有 http://t.cn/A6OyI5ch,正面
呀[哇][哇]丽姬麻麻～,负面
迪丽热巴24岁的时候就演绎出了女帝的气质！ http://t.cn/A6OyIqdh,正面
我收了动图了，没找到！,负面
而且巴巴姐这个时候才24岁噢 气场就已经非常强了[喵喵],正面
好美[爱慕],正面
亲亲迪迪[心][心][心],正面
啊啊啊啊我的丽妈妈,正面
我巴那时候才24，就有女帝的感觉了[舔屏][舔屏][舔屏],正面
古装超级美[打工人],正面
女帝[哇],中性
红衣古装迪[憧憬],正面
当年24岁，就能驾驭女帝角色[good],正面
女帝[舔屏][舔屏][舔屏][舔屏][舔屏],负面
#时代美人迪丽热巴# 24岁演出女帝气场！字母站最爱的丽姬麻麻！,正面
我老婆真的好绝,正面
你发vb姐很高兴，因为姐爱你，你发自拍姐更高兴了[送花花],正面
笨宝九月见，车内系列又加三！ http://t.cn/A6ObCG8k,负面
快快出来跟我们线下见面啦[太阳]是一个开心的8月[太阳]也会是一个更充实的9月[抱一抱][抱一抱] http://t.cn/A6ObC5od,正面
哥怎么又歪嘴笑[吃瓜],负面
车内系列➕1[吃瓜]...终于舍得发自拍啦[泪][单身狗][单身狗]好想你[单身狗][单身狗] http://t.cn/A6ObCVfa,负面
不够！！！ http://t.cn/A6ObCx0v,负面
九月一直播，懂了[亲亲],正面
答应我 九月要比八月的自拍多好吗[哇],负面
明天来个直播告别八月吧，后天再来个直播迎接九月吧[doge]怎么样[春游家族],负面
九月见！九月要跟我们比八月见更多面好不好！[开学季],正面
纪录片[单身狗]直播[单身狗]快快来[单身狗]线下也快快来[单身狗]想亮崽,正面
脸好像快和腿一样白了[憧憬]捂白效果显著！宝贝九月见！,负面
哇哇哇，这一系列自拍！休假结束！9月见！！！[憧憬][憧憬][憧憬][憧憬],负面
9月见啊，23号兰州等你啊，30号连云港也早见滴呢[二哈][二哈][二哈] http://t.cn/A6ObCiT3,负面
好大的眼睛[哆啦A梦吃惊]差点没认出来,负面
还有31号呢[doge] 要不要用一个直播告别八月最后一天[春游家族],负面
哥由于我每天在你私信许愿 我成功找到我想要的工作啦！[送花花][送花花][送花花]小亮神,正面
希望重庆郑州兰州见面都顺顺利利[失望],正面
九月好好休息，好好相见[羞嗒嗒],正面
我得了相思病，医生给我开的药方：麝香0.05g、榔头香10g、速香3g、云头香0.3g、海狸香1g、伽香5g、龙涎香0.3g、红木香6g、灵猫香0.5g、地蜡香6g、飞沉香3g、通血香1g、香根鸢尾5g、亮仔1个[开学季],正面
有人生下来的性别就是男朋友,正面
@Atseaii 这是你的前前任吗,正面
关于我和鬼变成家人这件事，得去看看……笑死我了[笑cry]🌈敏感的就别去了,正面
老公[亲亲],正面
帅得没边,正面
[抱一抱][抱一抱][抱一抱][抱一抱]@部落勇士君寻酱,正面
好图 存了,正面
旋转跳跃 我闭着眼[doge],正面
我始终忘不掉他的屁股,负面
有人生下来性别就是老公[舔屏][舔屏]比如我的老公许光汉[作揖],正面
旋转，跳跃，我闭上眼[doge],正面
@YoWill陈森西,正面
帅到不行 ,正面
抱一丝我对他李子维滤镜太重了[馋嘴],正面
蹲p2p5[doge]求求了[doge],负面
帅死了[悲伤][心],正面
我想要得到,正面
好帅,中性
@一日京景,正面
喜欢5和8！,正面
第一个河外开麦唱跳舞台不怯场，袁一琦很棒,正面
袁一琦牛逼,正面
被惊喜到了，期待接下来袁一琦的个人巡演哦元气弹们[舔屏][舔屏] http://t.cn/A6OUOnub,正面
最好的袁一琦永远在下一次[亲亲]无限的惊喜就对了,正面
袁一琦开麦唱跳[抱一抱]牛波一,正面
努力是一定会有回报，我说一姐牛到我了[作揖],正面
袁一琦就是牛[舔屏],正面
说实话真的不好听,负面
袁一琦就是最棒的啊啊啊[舔屏][舔屏],正面
原创开麦唱跳[单身狗]我骄傲住了,正面
袁一琦就是牛，期待以后更大的舞台[抱一抱],正面
让我看看谁再硬夸🙉,正面
一姐河外开麦唱跳 真的牛,正面
一姐的实力有目共睹[可怜],正面
开麦唱跳 牛[打call],正面
原创开麦舞台[打call]要去闯更大的世界啦[彩虹屁],正面
在前辈这么多的大舞台敢开麦唱跳很🐮🍺虽然有进步空间，但完成度已经很好了，一姐值得更多的夸奖和鼓励[哇],正面
袁一琦开麦唱跳[打call]就是牛！,正面
说实话声音比较虚，很多音也不稳特别开头明显跑了，副歌和伴舞对比挺明显的拍子没卡上,正面
一姐🐮,负面
多发，爱看，顺便把你们那个粉运开了谢谢,正面
工作室专业点好吗，请一些专业人才来管理，我真的服了,负面
Window专享版！！！！！！！小室你懂我们！！！！！！！！！,负面
换粉运换粉运换粉运换粉运换粉运换粉运换粉运换粉运换粉运换粉运换粉运换粉运换粉运换粉运换粉运换粉运换粉运换粉运换粉运换粉运换粉运换粉运换粉运换粉运,正面
身材就是男人最好的上衣！！！[打call][打call][打call]不是我说的，陈牧驰说的 http://t.cn/A6OUN8eH,正面
啊啊啊啊啊啊，陈牧驰今晚不得睡不着了[doge] http://t.cn/A6OUNUuC,正面
别人的简历打码在发！！！编辑了还是能看到记录！！！！不如直接删了重新发！！！,负面
[爱你]粉运不专业我可以忍，但是她好像不只是不专业的问题了,负面
目前管招聘的是谁啊，怎么一点都没有敏感度额，素人投简历，乱说话没有敏感度也正常，但是官组也能不打码就发出来吗？,负面
开除现在的粉运谢谢[桃里桃气] 公开简历不公开打码私人和敏感信息，和前后援会番茄过度私联，专业度和情商为负，真的受不了一点,正面
以陈开头，以驰结尾💛，他用186➕的身高💘，撑起了吸铁石🧲的青春🌈，陈牧驰短短的21画💕，却是吸铁石🧲一辈子的信仰❣️陈牧驰就是我爱的男孩❤️陈牧驰这三个字看起来太独特，读起来太骄傲，💛写起来太顺手，🧡念起来太激动，💜迷起来太简单，💕全世界最好最优秀的陈牧驰！💝,正面
刚下班就看到这个 是我应得的,正面
多看一眼 姨妈下半辈子都规律了,负面
宝，你从哪个视频里截的图，真就没有正经剧照了吗[可怜]虽然也挺好看的，但是画质也太感人了吧[悲伤],正面
你们 真的 没有 正经 剧照 和 花絮 vlog 吗 [淚],正面
"现在开始多给老兵拍些vlog,小零食的账号一直发much吃东西，也可以建两个话题，这样数据更直接。",正面
能请点靠谱的人吗？现在是我会怀疑你们里面有卧底的程度[允悲],正面
说！你还偷偷藏了多少？快点都交出来！！,正面
你们工作室粉运追过星吗,负面
把粉运给换成专业的，我说真的,负面
@TFBOYS-易烊千玺,正面
无门槛互助裙http://t.cn/A6Oy8uRp,正面
#易烊千玺怎么这样#,负面
早安～#和千玺说早安# ,正面
所有老鼠签到了吗,负面
一人来一句景浩台词,正面
#四字 易烊千玺 yyqx 四字弟弟#,负面
早呀#彳亍-TFBOYS-易烊千玺[音乐]#,负面
早安[狗粮][相爱]@TFBOYS-易烊千玺,正面
早安#和易烊千玺说早安#,负面
中午好宝宝@TFBOYS-易烊千玺 #四字 易烊千玺 yyqx 四字弟弟#,负面
一人🍎十条 走起！,正面
早安 千玺[心],正面
早@TFBOYS-易烊千玺,正面
易烊千玺票房 易烊千玺代言 易烊千玺粉丝 易烊千玺汇源 易烊千玺工作室 yyqx 四字弟弟 易烊千玺积家 易烊千玺波司登 易烊千玺九号 易烊千玺罗莱,正面
早#同乘-TFBOYS-易烊千玺[音乐]#,负面
#易烊千玺十稔终章皆成序#,负面
只想说，不要拿身体健康作为代价来拼事业啊，你的身体健康才是最重要的,正面
成毅[good],负面
优秀努力敬业的好演员成毅[赞][赞][赞],正面
很喜欢这么努力的成毅，成毅优秀[打call][打call][打call],正面
就知道他腰没好 才会那样泼水❤️❤️,负面
哎，我的宝藏淇淇,正面
后边吃柿子的前段没看到啊，在哪里看？,正面
这些网友不喜欢他也不要骂他好吧，对粉丝来说，他值得，用不着黑子来评判[微笑],正面
成毅太敬业了 优秀演员成毅[赞],正面
我的天[悲伤]@成毅 你歇歇吧，行吗？,正面
我的宝贝呀，你要多多为自己的身体健康着想，不要用自己的健康去拼命，多多休息@成毅,正面
心疼[苦涩],正面
戴帽子吃果子这一段是正片里没有吗？,正面
心疼他 真的要注意休息，养好身体,正面
傻瓜[悲伤],正面
心疼淇淇[泪],正面
哥[抱一抱],正面
抱抱[抱一抱],正面
所以他真的值得现在的一切，而且以后会越来越好[爱你]@成毅,正面
@今天不打老虎,正面
太帅了宝[抱一抱]期待今晚舞台[哇],正面
期待今天晚上的舞台[舔屏][舔屏][舔屏][舔屏],负面
晚上见张颜齐！[春游家族],负面
很帅很喜欢[awsl],正面
我哩个豆，咋恁帅[舔屏],正面
好帅哦[哇],中性
期待今天的表演🎤,正面
最后的表情呆呆的，好可爱[哇],正面
黑纱裙摆好帅[舔屏][舔屏],正面
好帅呀[舔屏][舔屏],负面
特别漂亮的一身[悲伤]我的眼泪要从嘴巴里流出来了[悲伤],正面
这是什么忧郁大美女，最后表情好可爱[亲亲],正面
好漂亮好美好可爱好帅[抱抱],正面
最后一秒，小狗现形[可怜],正面
最后的表情太可爱了,正面
好,正面
太帅啦齐齐，等你晚上的舞台哦[开学季],正面
期待今晚的舞台！,正面
撒黑纱好公主哦[抓狂][抓狂],负面
期待今晚帅宝宝[抱一抱][抱一抱],正面
现在是要买啥？？有姐妹指路吗[哆啦A梦吃惊][哆啦A梦吃惊],负面
“我是这个世界上最美的公主，我的皮肤像雪一样白，我的头发像乌木一样黑”  那是因为我用了巴黎欧莱雅的真C真A和“轻松染”，会洗发即会染发,正面
我是品牌爸爸我也喜欢这样的，本人业务能力强国民度高各种风格都可以驾驭，粉丝大多都经济独立氪金能力强粘合力高现在📖局也做起来了，这谁不爱啊,正面
有没有护发精油的代言啊！这个是真的想买[抱一抱][抱一抱],正面
什么时候代言生发剂[开学季] 我直接搬三箱回家[开学季][开学季][开学季],正面
对不起，我没有白发困扰[苦涩][苦涩][苦涩],正面
捡到一张艳姐P的图，笑死了 http://t.cn/A6ObqwKN,正面
哈哈哈哈哈哈，笑着哭出来，我脱发困扰[跪了],正面
这个！但是我喜欢的颜色缺货了[衰]只能下单了一个黑的给我妈用[单身狗] http://t.cn/A6ObGbUQ,负面
推的那个染发剂我真的笑死，每一款的特地强调遮白发[允悲][允悲][允悲],正面
怎么买，才算大勋的,负面
内娱个体户，无资本押宝埋线，这飞升速度直接把我爽死[泪][泪],正面
早c晚A那个真的很赚，新品直接打响,负面
是吧，金主爸爸的用户画像真的很精准，不过我目前用不到遮白[doge]，但是我妈非常非常需要，还有，暖栗棕售罄了[苦涩]那个颜色我妈一定很喜欢的啊,正面
热搜现在最多挂一个小时 又给撤干净了 大眼仔玩不起啊玩不起,负面
怎么知道已经开始有白发烦恼了[允悲]，给自己和老妈来两瓶～,正面
我激情下单了，忘记备注魏大勋了，应该没事吧？,正面
从无title直播推广到双线代言人只需要一场直播[偷乐][偷乐]勋帝的吸金能力可想而知[偷乐][偷乐] ​​​,负面
真c真a的都还没拆呢[允悲],正面
黄石老师，关注一下勋章发电站，有发主推款链接！目前🍑两个官方店都上了主推单链，分别为早c晚a与轻松染。,负面
非常感谢范老师的词，尤其感谢您愿意花时间为我解释整首词的逻辑，在我收到您的歌词解析文档时深深感受到您的用心。 希望小马的演唱能让您喜欢😬,正面
好喜欢老师做的词！还请以后多多关注我们小马[哇],正面
天，昨天也有个朋友，手机放床上突然烧起来,负面
哇！糖糖作词林家谦作曲，又一次梦幻联动[打call],正面
你唱的特别特别好#有些人-马嘉祺[音乐]# //@时代少年团队长-马嘉祺:非常感谢范老师的词，尤其感谢您愿意花时间为我解释整首词的逻辑，在我收到您的歌词解析文档时深深感受到您的用心。 希望小马的演唱能让您喜欢😬,正面
老师真的写得好好[哇]好喜欢[赢牛奶]期待下一次和嘉祺的合作[赢牛奶],正面
糖糖好文采[good]，可以就着火事件写首歌[偷笑],负面
看到你名字和林佳谦 陈建骐在一起 好开心,正面
这……看着我的电脑瑟瑟发抖，不会哪天回家房子烧没了吧[衰],负面
卧槽……,正面
好喜欢老师的这段话，刚刚初看，看哭了，歌词我站在自己的角度理解，之后发现还有新的立意，文字真的很美好很神奇，作词者是最会凝练的艺术家 http://t.cn/A6O4T1Tc,正面
早安～晚安～明天见～～～ 我们总是在释怀遗憾，企图不孤单 但还是忍不住理想主义！[哇]抓住现在，万一就没有分离呢！,正面
Mac还会自燃啊？？？？[哆啦A梦害怕][哆啦A梦害怕][哆啦A梦害怕],正面
好喜欢最后一段话。音乐有时也使我们与很多志同道合的人产生了连结，在不同的地方听着同一首歌也会觉得很浪漫。[流浪地球2],正面
话说，在我的学生时代，好像始终没有学会活在当下，以及合群，以至于很多时候跟人相处，虽然表面温温和和，但实际上却是在暗自神游，于是跟大多数人也只是维持着浅淡的交情。有时候也会想，他们估计都不记得我这个人出现过吧。也不是不会羡慕那些朋友多还交情深的人，但似乎自己就是很难跟人建立起连结,正面
认真看了您的描述，真的感觉好用心，包括您对高中校园的描述，其实我在很多时候都是这样的感觉，好像有些高中同学离开校园那个环境之后就变得不一样，回想当初在校园里，真的很反差。或许是环境使然，或许是年少轻狂吧。但是其实都并不重要，正如您所说的，孤独的时候，记忆就有了温度，记忆是有温度的,正面
“无论多充实努力，也会不经意间感到孤独……”似乎是我的高三,正面
范老师很用心，词写得特别好，我们小马也唱得特别好哦～#有些人-马嘉祺[音乐]#//@时代少年团队长-马嘉祺:非常感谢范老师的词，尤其感谢您愿意花时间为我解释整首词的逻辑，在我收到您的歌词解析文档时深深感受到您的用心。 希望小马的演唱能让您喜欢😬,正面
哇 格子和圆点的比喻好棒！[悲伤]不愧是你,正面
嘿嘿跑去听堂堂参与作词的新歌咯🤤,正面
“没有人有资格审判资本横行的世界里靠实力闯了十六年才闯到今天的檀健次。他曾经头破血流，一身狼藉，但今日每一位新到来的你都是他皇冠上沉甸甸的缀珠。”看得想哭了[苦涩],正面
讨厌，这大晚上的给我搞得真的很想哭😭,负面
说角色魅力大于自己那里我老觉得是他看到了说喜欢相柳不喜欢檀健次这种评论了[苦涩]不知道是我多想了还是什么,正面
说大家喜欢的是他塑造的角色那里，我一直在弹幕里告诉他，我已经从喜欢相柳这个角色变成喜欢檀健次了！！好希望他能知道，有好多好多人不但喜欢相柳，更喜欢他本人 檀健次！！@MIC檀健次JC-T,正面
檀健次，字字有回应，句句有结果，我们只不过是双向奔赴，彼此间的爱意永存罢了,正面
姐妹写得好棒，他值得所有小炭火的偏爱。他真的从我全世界路过，他以前的作品我多多少少都看过一些，却没意识到是同一个人，是他披荆斩棘站到了我面前，叫我如何能不爱他。,正面
自己也转一转 每个评论和转发都看了 如果说直播是感受到了檀儿溢出屏幕的赤忱，那在这一条的评论转发区我能感受到大家对檀儿赤裸裸不加掩饰的真心[苦涩]但是我现在的重点已经从为檀儿哭唧唧到“2:20了 檀丝不睡觉的吗”,正面
这文采好羡慕，他直播说他出道起就一直被灌输的是做文艺工作者为人民服务，这一路走来他确实做到了，作为粉丝很多时候我很心疼他，有时候只想让他轻松一点自私一点[泪]他内心世界很丰富很安静又热烈,正面
我从来没有见过一个艺人像他这样 他是特别的 极具个人魅力的 德才兼备和多才多艺的 同时他的经历和坚韧隐忍刻苦的精神又非常让人敬佩 但又是非常让我心疼的[悲伤]在每天被他蛊得不要不要时不时做梦的同时又好希望他能每天开心幸福 永远不要emo@MIC檀健次JC-T 能做到吗？,正面
昨晚直播听到他最后几句话就哭了，这样真诚的檀健次，没有人有资格审判他，他想唱就唱，想跳就跳，想接什么戏就接什么戏，永远无条件支持他。,正面
我昨晚看完直播也是私信给他发了小作文[泪]真的很感动，我不是在追星他已经是我的榜样[心],正面
不管干什么 只要是他出现在我们面前 总会给我们带来惊喜，快乐，感动，敬佩，这就是他 燃烧着自己的能量感染着我们。[泪][泪][泪][泪][泪]爱他 因为他真的很好[心],正面
会写，真的很有共鸣//@沈白菜er:“没有人有资格审判资本横行的世界里靠实力闯了十六年才闯到今天的檀健次。他曾经头破血流，一身狼藉，但今日每一位新到来的你都是他皇冠上沉甸甸的缀珠。”看得想哭了[苦涩],正面
#檀健次[超话]#真的很会说,负面
真的是用真心换真心[爱你],正面
用力地爱他，和他一起去闯荡这个世界吧，我愿做他桂冠上的一粒小小的缀珠[泪][泪]@MIC檀健次JC-T,正面
我们只需要支持他跟随他爱他就好了，因为他给了粉丝最有安全感的爱[悲伤]//@沈白菜er:“没有人有资格审判资本横行的世界里靠实力闯了十六年才闯到今天的檀健次。他曾经头破血流，一身狼藉，但今日每一位新到来的你都是他皇冠上沉甸甸的缀珠。”看得想哭了[苦涩],正面
典型infj，温柔却疏离。 他爱所有人，却不爱这世界。 他对现实不满，却努力入世。 他用温柔宽厚的面具， 遮挡自己摔得零零碎碎的灵魂。,正面
🥺,中性
说的真好，本来好好的又被感动哭了 大家🔥都在身后力挺他，真的很伟大 很值得[泪]会越来越好的！！,正面
时间让你成长的同时，也让你看开了许多事情，没什么非你不可，也没什么不可失去。[送花花][送花花][送花花],正面
"""月色朦胧如皎珠，春风烟雨一样等你，水漫漫，思念如疾. 𝓣𝓱𝓮 𝓶𝓸𝓸𝓷𝓵𝓲𝓰𝓱𝓽 𝓲𝓼 𝓪𝓼 𝓭𝓲𝓶 𝓪𝓼 𝓫𝓻𝓲𝓰𝓱𝓽 𝓹𝓮𝓪𝓻𝓵𝓼, 𝓽𝓱𝓮 𝓼𝓹𝓻𝓲𝓷𝓰 𝓫𝓻𝓮𝓮𝔃𝓮""",正面
的歌不着急fit人v的学霸陈娜娜飞机飞让他我噶我爸居然看太卡忽然办法吧,正面
仲夏的凉风吹走炙热的焦虑，橙色黄昏相拥薄荷的黎明。善良是一种修养，善待他人就是善待自己，要想得到别人的爱，首先要学会爱别人，一个善良的人一定是温暖的人，乐于助人的人，懂得珍惜和感恩的人。[哇],正面
来了来了来了来了来了来了啦啦啦啦啦啦啦啦啦啦啦啦啦啦啦啦啦啦啦啦啦啦啦啦啦啦啦啦啦啦啦啦啦啦,正面
酒醉如我，思绪却清，只因有你在我心头，犹如明月皎洁。,正面
为什么要害我？害我这么喜欢你！@白鹿my为什么要害我？害我这么喜欢你！@白鹿my,负面
合和酒忘记密码那我呢回家开始快上课困难弟弟卡看看电脑,正面
不对不对假酸浆叫你神经那你上线经济学家可能是你大几是,负面
我大姑家表弟家下巨大雨下的YHVH哦可[笑cry][笑cry],正面
[色][色][色]人与人总是在不闻不问的日子里慢慢告别，不如沉默，看时间怎么说。[哈哈][哈哈][哈哈][爱你][爱你][爱你][衰][衰][衰],正面
回宿舍叫你继续就是你惊喜不好像就是不能,正面
皮肤管理吃了饭吭哧吭哧可刺激可擦成绩,正面
不是没看过灿烂星光，但好像遇到你的那一刻，万般星辰都黯淡，宇宙里只有你永恒闪耀 ✨✨✨@白鹿my,正面
下午去了一个人的生活方式的时候我真的太爱这个词在看电影去吃了吧,正面
宝贝宝贝宝贝宝贝宝贝[送花花][送花花][送花花]宝贝宝贝宝贝宝贝宝贝[送花花][送花花][送花花]宝贝宝贝宝贝宝贝[送花花]老婆好美好美好美好美[送花花],正面
东西才能回滴似乎是吧我也觉得是真的很好的时候,正面
误入宫墙，繁华作茧。待花重开日，雪宁志山河。红墙高瓦藏不尽，雪落无声尽安宁。重来一世，看姜雪宁@白鹿my 叱咤坤宁。,正面
[害羞]少年不惧岁月长，彼方尚有荣光在我把秘密告诉了花，花香吹满了整个小巷,正面
即使山高水远，我也愿为你而来✨我把秘密告诉了花，花香吹满了整个小巷,正面
感谢认领💜好可爱！！！,正面
鞋子超甜超可愛[好喜欢][好喜欢][好喜欢],正面
甜美上线💜💜💜,正面
💜💜💜,中性
感谢认领！！！💜💜💜露思好美,正面
哇好漂亮,正面
感谢认领💜💜💜💜💜,正面
好可爱💜💜💜,正面
感谢认领💜💜💜露思穿上好美[送花花],正面
感谢认领[老师好][老师好][老师好][老师好],正面
你的甜妹已上线💜💜💜,负面
甜甜的鞋和甜甜的人[兔子],正面
感谢认领💜,正面
感谢认领   老婆好美,正面
露思好可爱💜💜💜,正面
感谢认领💜💜💜,正面
感谢认领[哇][哇][哇],正面
啊啊啊 我老婆💜💜,正面
感谢认领💜露思好美💜,正面
好可爱 甜甜的感觉[爱你],正面
昨天看了闫导的电影幸存者，期待新作品熔城[666][鲜花],正面
太棒啦~期待电影『熔城』,正面
期待成老师新电影@成泰燊 [鲜花],正面
哥哥帅气十足，充满了成熟男人的魅力[爱你]每一张帅照我也都保存啦，我可太爱了,正面
于大人[打call],正面
好喜欢有镜面反射效果的这张，双倍的魅力叫人如何不爱呢～ http://t.cn/A6OGYSXu,正面
好帅成老师[舔屏]！黑色西装就是最适合你的，成功人士感觉拉满了,正面
帅死我了啊啊啊啊[舔屏],正面
不得不说这组照片拍的太赞了，哥你真的好帅气[赞]，西装穿上就是霸总的感觉 http://t.cn/A6OGYSux,正面
太棒了，真的超级期待这部电影啊，我们下次再见，不见不散。,正面
这次的照片终于能一下看个够了[doge]穿西装站在光影里太有感觉了，巨帅！！,负面
老师拍摄的每组照片都好帅气啊，我心目中的不老男神[送花花][送花花]期待新角色呀,正面
好喜欢这个暖光氛围，气质这一块拿捏的死死的，期待熔城期待哥哥,正面
哥哥好帅啊，这组照片氛围感十足啊，下次再见哦，期待你的新作品[打call],正面
今天的成老师也太帅气了，期待老师的新作品，新角色[送花花],正面
这组图片拍得好有氛围感[哈哈],正面
海报拍的挺有感觉,负面
我晕 哥哥怎么会这么帅哦 那我们就到时候不见不散啊[送花花],正面
每一张都好绝，暖色系很适合，期待新作品啊，我们一起[爱你],正面
时影 http://t.cn/A6OUYJ37,正面
好喜欢肖战[亲亲] http://t.cn/A6OUYieA,正面
时影仙气飘飘[心] http://t.cn/A6OUY66M,正面
好喜欢时影 http://t.cn/A6OUYJGN,正面
晚安宝贝 http://t.cn/A6OUYM2M,正面
肖战顺心顺意开心无烦恼，小飞侠爱肖战  。,正面
#肖战时影# 时影师父[哇],正面
时影肖战[打call][打call][打call][打call],正面
时影想你了[awsl] http://t.cn/A6OUTzwd,负面
世界纷扰，做最真实的自己。汇聚光点，闪耀光芒，成长在路上。肖战我喜欢你！#肖战#,正面
仙人泽世来，孤影照惊鸿[心][色],正面
肖战顺顺利利[鲜花][鲜花],正面
时影小师父[憧憬] http://t.cn/A6O4hn37,正面
时影师傅我想你了[鲜花][鲜花],正面
肖战[心][心][心],正面
仙姿玉骨，九嶷华胄。遥遥在望，神官锋芒。 与@X玖少年团肖战DAYTOY 一起置身时影的世界。😘#肖战时影#xz#肖战玉骨遥#,正面
肖战顺顺利利,正面
宝贝[泪]你好会演戏！余佳恩不哭 抱抱,正面
宝宝你演技好好[泪][泪][泪],正面
正在看！！！！呜呜呜我给小余过生日！！抱抱！ http://t.cn/A6OUCjqT,负面
在看了[打call][打call][打call] http://t.cn/A6OUCO4M,负面
抱抱宝宝[抱一抱],正面
娜扎[憧憬][憧憬],正面
演的好好，你的青春是青春那里那么多人，眼泪说来就来呀[喵喵] http://t.cn/A6OUCQPo,正面
好喜欢小余，姐姐别抱门，抱我[亲亲],正面
已经在看了姐姐[awsl][awsl][awsl]@我是娜扎 http://t.cn/A6OUCWx7,正面
啊啊啊啊宝宝[爱你],正面
在看了,正面
正在看！宝演的很好！！！余佳恩生日快乐🎂,正面
刚刚看完宝宝在成都大街上吵架的戏份 我两年前有幸看过路透 感染力真的很强啊啊啊宝宝 宝宝演绎得超棒～,正面
我今晚加班还看不了，听说你余佳恩横的很啊[笑cry][笑cry]@我是娜扎 http://t.cn/A6OUCnaI,正面
哈哈哈 正在看，小余的嘴就是我的嘴替[doge],正面
演的超好[悲伤],正面
余姐！！我要个爱的拥抱[爱慕] http://t.cn/A6OUNvVP,正面
在看在看！！抱抱佳恩堡包[抱抱][抱抱][抱抱]不哭 http://t.cn/A6OUNQt0,正面
是扎破所有烦心事的扎！！！余佳恩@我是娜扎,正面
余佳恩诠释的真棒，演技真好[赞]@我是娜扎,正面
主打一个省事,正面
我也要去体验一下这样的神仙功能,正面
出门旅行也可以如此轻松，真是特别开心,正面
这样刷脸真的好快！妈妈再也不用担心我赶飞机丢护照[抱一抱][抱一抱],正面
哇哇哇，我男神好帅的！[心][心][心][打call],正面
男神好帅啊[色]立马收拾行李出发香港国际机场[爱慕],正面
趁阳光正好，趁微风不噪，趁繁花还未开至荼蘼，来一场说走就走的旅行,正面
真是非常方便贴心了，很棒棒[赞],正面
这样的体验肯定是特别棒了,正面
每个人的裂痕，终会变成故事的花纹,正面
这一次的分享来的太及时了，我喜欢[心],正面
这么惊喜的时刻我真的太期待了[打call],正面
男神就是不一样，整个给我帅翻了,负面
黎明前有多黑暗，黎明就有多耀眼,正面
这样的挑战让人觉得就是不错了,正面
张智霖真是好有魅力好喜欢他[心],正面
时间就该浪费在美好的事物上,负面
可以安排起来的，怎么这么的有吸引力？,正面
真的是太懂我们这些经常出差的人了[打call],正面
张智霖真的是太帅气了[打call],负面
秉承先锋精神，打造时代精品。传承经典工艺，缔造完美书写艺术。和#万宝龙品牌挚友侯明昊# 一起见证优雅 @侯明昊Neo http://t.cn/A6ObIHp6,正面
秉承先锋精神，打造时代精品。传承经典工艺，缔造完美书写艺术。和#万宝龙品牌挚友侯明昊# 一起见证优雅 @侯明昊Neo,正面
#万宝龙品牌挚友侯明昊# 隽永的大师杰作，激荡出当代摩登时尚，感谢邀请，与@侯明昊Neo 一起体验非凡经典 http://t.cn/A6ObIHhE,正面
#万宝龙品牌挚友侯明昊# 感谢邀请侯明昊,负面
日出日落，春夏秋冬，斗转星移，日月丽天。和#万宝龙品牌挚友侯明昊# 一起书写包罗万象的永恒 @侯明昊Neo http://t.cn/A6ObIECg,正面
不朽精神、永无止境的探索，激发灵感泉源，与#万宝龙品牌挚友侯明昊# 一起赞颂经典 @侯明昊Neo http://t.cn/A6ObIBZJ,正面
跟随#万宝龙品牌挚友侯明昊# @侯明昊Neo 于#书林漫旅# 中收获自信与勇气 探寻他笃信卓然的气度,正面
感谢邀请，与 #万宝龙品牌挚友侯明昊# 一同探索经典美学的崭新呈现，发现创新精神起源 @侯明昊Neo,正面
期待下一次旅程,正面
不朽精神、永无止境的探索，激发灵感泉源，与#万宝龙品牌挚友侯明昊# 一起赞颂经典 @侯明昊Neo http://t.cn/A6ObIQ4T,正面
转发微博,正面
太好看了！！！！！ http://t.cn/A6ObIRyg,负面
那温柔一笑[心],正面
不朽精神、永无止境的探索，激发灵感泉源，与#万宝龙品牌挚友侯明昊# 一起赞颂经典 @侯明昊Neo,正面
#万宝龙品牌挚友侯明昊# 喜欢绿色,正面
#万宝龙品牌挚友侯明昊# 隽永的大师杰作，激荡出当代摩登时尚，感谢邀请，与@侯明昊Neo 一起体验非凡经典 http://t.cn/A6ObM3Db,正面
#万宝龙品牌挚友侯明昊# 和万宝龙很搭[抱一抱][抱一抱],正面
#万宝龙品牌挚友侯明昊# 隽永的大师杰作，激荡出当代摩登时尚，感谢邀请，与@侯明昊Neo 一起体验非凡经典,正面
[春游家族]感觉是你后续要编辑微博，因为我觉得还有[春游家族]只是我觉得,正面
还有胡德夫老师也点赞了嘉祺的微博，大家真的有在关注他[泪][泪][泪],正面
耶#Fri Friday-马嘉祺[音乐]#,负面
所以嘉祺是在参与声生不息期间就已经在准备这张EP了！！！！,负面
我有华语乐坛情结谁来懂一下。。。每次看到这种融洽纯粹的为了音乐聚在一起的关系我都会很想哭。。。,正面
#Fri Friday-马嘉祺[音乐]#我来存个档爽一爽[笑而不语]#马嘉祺fri friday# ,负面
还有杨宗纬老师也点赞了#Fri Friday-马嘉祺[音乐]#,正面
嘉祺真的太牛逼了[求关注]人脉好广 音综不是白上的[彩虹屁],正面
真诚温柔有实力的晚辈小男孩谁能不爱[抱一抱][抱一抱][抱一抱],正面
#Fri Friday-马嘉祺[音乐]# ,正面
#Fri Friday-马嘉祺[音乐]#美美的🤲🤲,正面
愿有真心换真心。,正面
特别特别特别棒,正面
真诚和实力才是必杀技#Fri Friday-马嘉祺[音乐]#,正面
#Fri Friday-马嘉祺[音乐]#,正面
嘿嘿嘿#Fri Friday-马嘉祺[音乐]#,正面
#Fri Friday-马嘉祺[音乐]#[打call],正面
没有这套我会s不瞑目 http://t.cn/A6O4uuXG,负面
这个造型的！ http://t.cn/A6O4umuD,正面
睫毛弯弯,负面
这个！要有眼镜 http://t.cn/A6O4uehP,负面
butterfly！！,中性
不得不爱小葡萄！,正面
小熊造型的那种外套！！[赢牛奶],正面
还有小帽帽[羞嗒嗒] http://t.cn/A6O43ldT,负面
劳斯，这个算吗[老师好][老师好] http://t.cn/A6O43a0s,正面
紫葡萄[兔子] http://t.cn/A6O4uu0O,正面
妹妹也要有元气[打call] 想要这套 http://t.cn/A6O4ueeo,正面
butterfly！,中性
三班女装,正面
这个[送花花][送花花] http://t.cn/A6O4FnsB,正面
还有这个啊啊啊啊啊啊！I.O.I.O！ http://t.cn/A6O43qmQ,正面
啊啊啊啊啊喜欢你这套我真的很喜欢！ http://t.cn/A6O43MWs,正面
双人舞绿衣[舔屏][舔屏],负面
喜欢你,正面
这套改成jk怎么样，还可以吧手里的花改成胸针或者头花 http://t.cn/A6Ob5Ie3,负面
紫葡萄超级漂亮！ http://t.cn/A6O4elNM,正面
呀，你怎么知道我今天又要在鸟巢看张杰演唱会啦[憧憬][憧憬][憧憬] http://t.cn/A6Oywkhv,负面
哈哈  难怪老姚 亮哥 虎子去看了杰哥演唱会也去了生哥那里 我以为杰哥是周五的  原来是同一天啊[笑cry][打call][打call][打call],正面
谁懂？彩虹星海真的好好看，鸟巢还有一束光，张杰演唱会的氛围感太好啦！ http://t.cn/A6OywBx0,正面
今晚七点继续来鸟巢看张杰演唱会[鲜花] http://t.cn/A6OywFy3,负面
就知道陈楚生昨晚演唱会完美！任何人没听都是损失[春游家族] http://t.cn/A6OyAXyg,正面
张杰演唱会星海真的超美，欢迎大家来玩，今晚鸟巢继续燃爆现场三个小时 http://t.cn/A6OywFeI,负面
鸟巢今晚还有一场，第一天是经典场，第二天是古风场，第三天是什么场？ http://t.cn/A6OywDdf,正面
巡演场场火到爆🔥 有唱功，有实力，顶级配置更相宜[鼓掌] 谁不爱看华语live王张杰的顶级演唱会啊，这么美的星海当然要去看看啦，这么顶级唱功的歌手当然要去听一下live了，这么顶级的演唱会当然要去现场感受一下了[羞嗒嗒] 今晚继续燃爆全场[打call][打call][打call][打call] http://t.cn/A6OyA7b9,正面
你看 这满天的星海 是张杰鸟巢演唱会的啊 太好看了吧[泪][泪] http://t.cn/A6OywF4r,正面
那不知道今天谁又要看张杰演唱会去了 http://t.cn/A6OywF9E,负面
昨天看啦 好喜欢陈楚生 呜呜呜[泪] http://t.cn/A6OyAC2N,正面
笑死[doge]昨天交警在路边跟我们说  陈楚生张杰他俩PK呢  我说没有！别引导他俩他们好着呢   时间撞了[doge],正面
三登鸟巢，连开三场就问还有谁[哇] http://t.cn/A6OyA4qX,负面
来看看星海吧[666] http://t.cn/A6OyAvXu,正面
今晚鸟巢还有张杰演唱会[亲亲],正面
你怎么知道我看了杰哥演唱会 http://t.cn/A6Oyf9xs,正面
来看张杰演唱会超美彩虹星海，氛围感超好哒 http://t.cn/A6OyAyYN,正面
什么，你怎么知道张杰今晚又要在鸟巢开唱[开学季] http://t.cn/A6OyAyUA,正面
只知道张杰演唱会好好看巨享受[打call][打call][打call] http://t.cn/A6OyAUJr,负面
我选陈楚生[彩虹屁][彩虹屁][彩虹屁],正面
护送的工作小哥虽然戴着口罩但是能看出来他一脸欣赏的亚子呜呜呜演我[泪],正面
原视频 @卷毛小泡面加鸡蛋 提供[耶],负面
这个好清楚啊 鱼头私下真的蛮姐 好温柔哦,负面
贵族千金的感觉来了，宝宝一直在朝两侧的粉丝打招呼[泪],正面
和鱼丝见了面以后才把口罩戴上[泪],正面
好贵欣欣[泪],正面
美晕我,中性
好美的老婆,正面
好美啊我的宝宝！[抱一抱],正面
姐姐[色],负面
太美了[哆啦A梦吃惊][哆啦A梦吃惊][哆啦A梦吃惊][哆啦A梦吃惊],正面
人生视频[抱一抱]美晕,正面
好美啊[打call],正面
宝宝,正面
宝宝好温柔[悲伤],正面
[泪][泪][泪]宝宝,正面
千金大小姐,负面
谁懂[兔子][兔子],正面
美[泪][泪][泪][泪],正面
喜欢喜欢[好喜欢],正面
不幸的童年太让人绝望了。,正面
好的原生家庭太重要了。,正面
我们都需要一个美好的童年。,正面
真的需要一生来治愈。,正面
确实，童年的缺失是长大以后怎么也弥补不回来的，希望大家都能有快乐的童年[悲伤],正面
有个美好幸福的家庭很好了，不幸的童年确实需要很久才能治愈,正面
加油！马丽，你值得所有的美好和被爱[心],正面
吃了两天饱饭都不知道自己是谁了吧……,负面
原生家庭带给人的伤害是很大的[泪]不幸的童年哪怕用尽一生去弥补都是弥补不了的 http://t.cn/A6O48lQa,正面
能感受到马丽的感觉，好心疼她，不幸的童年需要一生去治愈[苦涩],正面
真的狠狠共情了 确实需要去用一生去治愈 来缓解童年的不幸 http://t.cn/A60GQhkh,正面
说得没错原生家庭真的是很重要的 不幸的童年是需要用一生去治愈的,正面
不幸福的原生家庭带来的伤害真的需要好久去治愈[泪],正面
一个好的原生家庭真的是很重要的啊！对自己的影响着实大！,正面
不幸的童年很有阴影了，长大需要用好久的时间去治愈一切,正面
好的原生家庭真的是太重要了吧[good][good][good]不幸的童年影晌人的一生[泪] http://t.cn/A6O48at6,正面
你可真是太会说啦，而且说的非常有道理，非常对[good][good][good][鲜花][鲜花][鲜花],正面
实事求是的评价，用客观事实说话[鲜花]看得见和看不见的人喜欢支持，是演员肖战自己争气赢来的。给你点赞为你喝彩，说的真好[鲜花]此处有掌声响起来。,正面
这才是事实,负面
他能留得住大批量的稳定核心粉，靠的就是自身的强大业务能力和个人魅力,正面
有颜值有实力有野心肯努力的人才能长期霸榜[good][good][good],正面
你说的对，他的一切特质决定了是粉丝离不开他，不是他离不开粉丝，永远支持他,正面
总结很到位[good][good]，会说会写，多说多写[心],正面
说的太好了，有颜值有三观，自律又真诚[鲜花],正面
说的对！写得好！[赞][赞][赞],正面
说的极好，精辟！所以肖战的剧质量有保证，我都喜欢[嘻嘻],正面
事实如此，深有同感！,正面
你是我的嘴替，会说的多说点[打call][打call][打call]我负责给您点赞👍,正面
说得太好[good][good],负面
从外形到内在，肖战对演的角色追求精益求精.为跟角色很契合用心良苦.每一部呈现的都截然不同但又光芒四射#肖战# ,正面
而且央视正气在的，明显在央视播剧黑子和捉妖的yxh要少,正面
沉默的大多数[心]战战的出现，闪耀了精神世界，温暖了平凡岁月！永远喜欢肖战，只喜欢肖战，来微博只为他！,正面
说白了，剧好是关键，否则只会引来群嘲。包括肖战在内的所有主创人员认真努力做好作品是硬道理,正面
哦莫！说得可真好！再说说呗！#肖战盛阳# ,负面
看玉骨遥是他走路的姿势背是直直的但看着自然不是端着的，为了保持好他基本不坐着都是站着，有时还靠墙站，就这一点他多么的自律严格要求自己[赞][赞][赞],正面
无比赞同[good][鲜花],正面
正常人都知道盯着别人某一个部位一直看是一种冒犯，哪怕是头发。,正面
是阿，居然还有女生觉得正常，不说是不是未成年，就算是成年人被人评头论足隐私部位那也是不礼貌的吧,负面
人家带话题，也不是你们邪恶理由啊[裂开]可以评头论足但邪恶且恶意就过分了,负面
为什么没有评论,负面
讲真，不带话题，谁去关注啊,正面
她17岁了吗，真快啊。没想到一晃她都17了，看着长大的，感觉我一下子变老了[笑cry],正面
对啊，还说女生对女生盯着胸评论一句怎么了，哪怕是女生盯着别人的生殖器官评头论足，跌不跌份啊，一点礼貌没有,负面
¿她17了？[哆啦A梦害怕],负面
总共知道姐去看过别人演唱会三次。第一次是充满对未来的迷茫[悲伤]，第二次是感受到准备个人演唱会的压力[抱一抱]，第三次是很放松的一个状态[桃里桃气]开开心心。用现在很多人说的一句话就是轻舟已过万重山，我们小刘姐会越来越好的[awsl][awsl][awsl],正面
姐宝，现在再看别人的演唱会，和当初的感觉又不一样了吧，见证你成长的感觉真好,正面
就是怎么说呢 好喜欢这种烟火气的雨昕，一起看演唱会，一起合唱  ,正面
爱台上张扬的她，也爱生活里安安静静的她,正面
真好看我们宝贝[抓狂][抓狂][抓狂][抓狂][抓狂],负面
好乖！！！！,正面
我雨广州场也唱了想见你💙,正面
宝贝[羞嗒嗒],正面
小奶黄包，我吃,负面
她好可爱啊，她好乖,正面
宝贝宝贝啊啊啊啊啊啊[桃里桃气],正面
好像小学生,负面
越夜越美丽szd[舔屏],正面
美女！！！[单身狗],负面
我女儿全世界最可爱[苦涩][苦涩][苦涩],正面
呜呜呜小刘姐又演我看演唱会[苦涩]好喜欢好喜欢看这样台下的姐姐,正面
好乖哦[桃里桃气],正面
[开学季][开学季][开学季],正面
乖宝宝,中性
知道他很好，但是他好像永远比我想的还要好,正面
有人试图掩盖抹黑他背后付出的努力，但只要努力了，太阳月亮星星就会看到，天空河流雨水就会看到，总有人会看到,正面
细节见人品 [赞]他敬业，温和，善良，准时。他很好，比我们所知道的还要好 #肖战#,正面
不论是积累期还是爆发期都能一如既往，超级可贵,正面
一起合作过的老师，没有一个不喜欢他的，战战，你只管前行，我们会一直支持你，看着你闪耀光芒[爱你],正面
每个人都说好的人就一定是好人。,正面
他似乎恪守着所有必须遵守的规则……确实一直这么觉得，就一个人对自个儿要求高。不管人家有没有做到，他自己都默默做到了。这么多年看起来都如此。,正面
那句何必苦苦相逼呢，还要一个人怎样？我哭死[泪][泪][泪][泪],正面
肖战就是这样，越了解会越喜欢！,正面
细节见人品，他这么红，从来不飘，一直兢兢业业对待自己的工作，谦逊有礼地对待他人#肖战# ,负面
职场人的美德，你在肖战身上都能看到[心],正面
真的佩服 守时我就特难做到//@仲商清和:坚守一些传统规则的人[心],正面
这些都是明面上看不到的，只有和他接触的人说出来，我们才知道肖战比我们想象的还要好！[心]#肖战#,正面
他就是这么优秀[哇],正面
努力，敬业，温和，谦卑，善良，我好爱他[心],正面
他就是那种老派的好，永远真诚，对人都一视同仁的好，不会因为人们的地位而改变。,正面
坚守一些传统规则的人[心],正面
是的，每次说他很好，可他总能比我想象的更好。,正面
遗世独立，我的宝,正面
何必苦苦相逼呢[悲伤],正面
好喜欢盛阳啊！想把我的暖阳拥入怀中[抱一抱]@X玖少年团肖战DAYTOY ​#肖战盛阳# xz #肖战骄阳伴我#｜#骄阳伴我#,正面
期待肖战盛阳 http://t.cn/A6ObWqnK,正面
肖战[彩虹屁][彩虹屁][彩虹屁] http://t.cn/A6ObW5aq,正面
期待盛阳[亲亲][亲亲] http://t.cn/A6ObW6Xs,正面
肖战[打call][打call][打call][打call][打call]@X玖少年团肖战DAYTOY [抱一抱],正面
#肖战盛阳# 盛阳好甜好甜啊,正面
盛阳[赢牛奶] http://t.cn/A6ObWi5Q,正面
温暖我的心[抱一抱] http://t.cn/A6ObWrAf,正面
9月1日相约CCTV8、爱奇艺和腾讯视频。看盛阳绽放光芒不负骄阳。#肖战盛阳# http://t.cn/A6ObWiU6,负面
盛阳盛阳盛阳[送花花][送花花] http://t.cn/A6ObWJLf,正面
骄阳伴我，就是最强都市治愈系啊！一起奔赴未来那片光明！盛阳的笑容和眼睛，温暖每一个观众的心[爱你] #肖战盛阳#,正面
盛阳不见不散[哈哈],负面
与盛阳相拥[抱一抱][抱一抱][抱一抱][抱一抱]@X玖少年团肖战DAYTOY,正面
肖战平平安安，快快乐乐[心][爱你] http://t.cn/A6Objeqa,正面
肖战盛阳[爱慕][爱慕][爱慕] http://t.cn/A6ObjHC7,正面
盛夏朗星，云环灿阳。,正面
好喜欢盛阳[送花花],正面
#肖战盛阳# 炽热如盛夏，蓬勃似朝阳[心]@X玖少年团肖战DAYTOY #肖战骄阳伴我#,正面
真的期待盛阳啊,正面
期待小太阳盛阳[好爱哦][好爱哦][好爱哦],正面
网络不是法外之地，给我告，千万别放过🙏,负面
一个都别跑 uid存着呢[桃里桃气][桃里桃气][桃里桃气],正面
来点名单,负面
严正声明，营造网络清朗环境[桃里桃气][桃里桃气],正面
网络非法外之地，告[桃里桃气],负面
支持刘雨昕告黑，支持清朗,负面
支持告黑 狠狠告[桃里桃气],正面
支持  开盲盒[桃里桃气][桃里桃气][桃里桃气],正面
辛苦了。直播的商业侵权了 也要告，让他们赔钱[作揖],负面
一个都不要跑，等到起,负面
支持告黑,负面
支持告黑，网络不是法外之地，不能放过一个黑子,负面
痘印有个“去有风的地方”，开直播涉嫌侵权，先把它告死[桃里桃气],负面
各平台下黑  给我狠狠告了,负面
必须有周星星,正面
Yxh评论区的来几个,负面
支持 坚决告 http://t.cn/A6OyemGk,负面
尤其是新浪大文娱皮下周星星和野生炸姐[拳头] ​​​,负面
网络不是法外之地，支持刘雨昕维权,负面
网络不是法外之地,负面
一个吃不饱，我要吃两个,负面
这衣服真紧，不好穿。加上前面风景太好了！,负面
Wow! Chinese women have certainly evolved since I was last there! 😉,负面
你有大胸怀，也有小可爱,正面
输入“jb”测试你的纯洁度！ http://t.cn/A6O258AU,正面
[打call],中性
被金主夜夜笙歌了！肯定穿的衣服化妆品,正面
同一会所的,中性
少女变成少妇[嘻嘻],正面
大学前好看,正面
一个人平均五个男朋友朋友,正面
卧槽，是P的还是真的？,正面
最后一张p的不成功，一个人有两个头   哈哈哈,正面
信息传播这么快的今天，竟然评论区里大部分不知道这是Ai生成图，突然很理解为什么诈骗集团能骗到这么多钱了[污],负面
这是成精了[允悲],正面
这是尊嘟假嘟,正面
都成妖了[笑cry],正面
@日本国驻华大使馆 看看你们政府干的好事,正面
质量没法比 http://t.cn/A6Owq2vK,负面
不算。毕竟你把人家睡了[doge],负面
必须告诈骗，,负面
也不是不可以冲[笑而不语],负面
那我走？[笑cry],正面
这你也下得去手呀,正面
电信诈骗的一种[偷笑],负面
最后还是没让她走[偷笑],负面
你值得被拘留,正面
最后一张怎么拍的，教教我。,负面
长的有点像我咋回事[允悲],正面
关掉灯好了！器官都在呀,正面
还是被你拿下了[doge],负面
终于明白我为什么找不到对象了,正面
最后还是？？？[喵喵]可以啊，f按烂了呀,负面
也没看你少插一次[doge],负面
请容许我叫你一声哥,负面
居然不挑食[允悲][允悲][允悲],正面
就这样依然没有放过[允悲],正面
早衰不是好事啊 以后一系列问题比来姨妈还痛苦,正面
但是这不是好事情啊妹妹,正面
看一[心]看吧,正面
这不是好事情呀宝宝,负面
我的妈，这个我刷到了第四次还是第五次，为啥这么多人发这个？,负面
我19岁的时候也闭经了半年 花了好几万看中医 导致我现在每次来月经都谢天谢地谢万物 今天又来月经了 感恩[心],负面
医生没有说其他的吗？如果只是闭经但没有不健康，那确实很值得开心[笑cry],正面
[笑cry]拳师是不是觉得子宫和卵巢的唯一作用就是生小孩啊？,负面
有的时候得靠这个调节内分泌的……我还想切子宫呢 我妈说会老得快 很多器官都有存在的道理的,正面
这么爽？！[可怜],正面
我半年没来[微笑],正面
@麦晨暄的没好生活,正面
大姐  ，不生跟不能生是两回事，，，，，,负面
身体出问题了，竟然觉得太爽了[允悲],正面
还以为是好事 笑死了 身体出了问题你太爽了,正面
[允悲]这是坏事啊,正面
笑死 还真有人信毒鸡汤 觉得这是个好事,负面
绝精了？,正面
多囊卵巢综合征，而且是很严重的那种,负面
好好好,正面
最后好温柔呀！何非电影院见！,正面
反差萌好爱[抱一抱][抱一抱][抱一抱],正面
疯批辣非看得我好紧张哦…下一秒温柔绅士朱一龙上线，戏里戏外反差真好大，我好喜欢[抱一抱]6.22快点来，好想看《消失的她》[抓狂][抓狂],正面
6.22端午一起来看《消失的她》吧[羞嗒嗒],负面
戏里戏外一秒切[赞],正面
入戏出戏都很快[赞],正面
何非[舔屏][舔屏][舔屏],负面
#朱一龙戏里暴躁丈夫戏外温柔绅士# 到底谁疯谁说谎，好想现在就知道呀，迫不及待想看消失的她了，端午节电影院见#消失的她0622上映#[爱你][爱你][爱你],正面
请问你男朋友是不是比较老,负面
有种60岁以上且上不封顶的感觉,负面
跟我妈好像,负面
可是好假….如果是父母辈的我能理解 专门学的吧？,正面
赐我一个外表痞帅实则可爱小猫的的男友,正面
可是我觉得好可爱,正面
看图写话，小学作文,正面
够了！我说闭嘴[怒骂],正面
图片评论 http://t.cn/A6O40CiX,负面
他看图说话能拿15分吧,负面
@Ultimatejollyperson,中性
笑出声，似曾相识的小学生对话,正面
《爹系男友》,正面
可爱,正面
@明明同学233,正面
好可爱哇哈哈,正面
尊重但不理解,正面
我不信有这么可爱的男朋友，除非寄过来我检查下[doge],负面
去那边注意安全@洁己up,正面
守住国门啊，洁己[抱抱][抱抱][抱抱],正面
[允悲]有人说你们去找黑肠的[允悲][允悲][允悲]！！！不过真心去那边首先就得注意人身安全！！！[允悲][允悲][允悲]建议买点防狼喷雾，不行辣椒水都行，必须很辣很辣[doge][doge]！！,正面
去看奥德彪？,正面
完蛋，没人劝你嘛？南非和加纳正在流行病毒和疫情？,负面
别被卖去东南亚了,正面
多发博，就当咱也跟着去了[并不简单],正面
出行顺利 安全第一[爱你],正面
注意安全,正面
我要是在场的话不要吃火锅，吃一次难受几天,负面
一方面羡慕你有钱能去这些地方玩，另一方面也希望你注意安全哦，特别还是去那么远的地方,正面
坐等异域风情,正面
不兼容了[允悲][泪],正面
洁己不要去呀,负面
哦豁，老嘿这下不得爽上天,正面
别去啊   多危险啊,正面
给它们干嘛？只会好吃懒做,负面
最好别去,负面
如果条件允许   还是雇点保镖安全点,负面
是喜欢黑diao吧,正面
厕所，评论区就是厕所[吐],负面
没必要，但风吹会下意识捂，评论区别发癫了,负面
这是下意识动作,正面
[给力]寻找记忆中的味道,正面
一直很尊重奶茶，没去冰，没少糖，没少喝。,正面
哎呦,负面
有人打我[doge],正面
职场有道,正面
轉發微博,正面
[鼓掌][给力],正面
看来知己这词儿就不是什么好词，知己跟情人的区别就是一个睡了，一个还没睡,正面
让你少奋斗10年的工作经验[抱一抱],正面
[心],正面
老人家的思想不仅解放了中国，更是为解放全人类指明了方向，全世界人民都应该崇拜他老人家！,正面
想念,正面
毛先生带领的时代也不知道能不能再来了,负面
不怕抑郁，推荐阅读：无家、四颗杨、第九个寡妇、无弦、活着、芙蓉镇、陆犯焉识,正面
她超会的[心],正面
致敬伟人,正面
志鹏…… http://t.cn/A6O4YypJ,负面
自首打五折[允悲][NO],正面
左边还有个10块的陪着他,负面
质疑欧阳志鹏 理解欧阳志鹏 成为欧阳志鹏,正面
我很好奇，作为诈骗犯，他赏金才4块钱，那他骗到钱了没,负面
四块钱都没我话费贵,负面
乔巴还5贝利呢,正面
人家进地铁，你都不敢跟踪，怕亏本[哆啦A梦害怕],负面
我记得之前好像是一块钱 因为关注的多了后涨价了[doge],正面
怎么四元就把志鹏出卖了,负面
看见他上了地铁就不用追了，会亏本,正面
嘲笑乔巴，质疑乔巴，理解乔巴，成为乔巴，比乔巴还便宜一块[苦涩],正面
为什么会这么低啊？[允悲],正面
啊？他之前不是才1块钱嘛哈哈哈哈哈哈哈哈，身价翻了四倍好励志哈哈哈哈哈哈哈哈哈哈哈哈哈[doge][doge],正面
旁边是赏金10元,负面
他是不是涨价了[哆啦A梦微笑]上次看是一块,正面
和目暮警官可以凑一下了[哆啦A梦害怕] http://t.cn/A6O4auKB,负面
张爱军：我的脑袋太贵你的又太便宜,负面
我的简历挂在boss直聘be like：,负面
涨价了，你这消息也太晚了。。。一夜之间，10块了。。。[允悲],正面
花点钱跟他出去租房享受性福生活[馋嘴],负面
拿下他,负面
拿下并干翻他,负面
还能怎么办，天意如此，只能默默享受了[偷笑],正面
厚乳,正面
怎么办，当然是榨干他咯[送花花],负面
真好，起码可以吃三年,正面
每一个评论都是我的真实想法[doge],正面
求🚪,负面
干成自己人,正面
你都在他床上拍他了 还问我们做什么,负面
好好伺候呗 有什么办法,负面
老公[舔屏][舔屏],正面
吃,正面
爆他菊[doge],负面
吃啊,正面
等着被他办[打call],负面
蹲个门[泪],正面
可以说是非常合理，加班另外收费,负面
加班不是不可以 钱给到位就可以,负面
不过看起来这加班费也还可以了，只要有就行[送花花],正面
这个上班的人必须人手一份[挤眼],正面
我觉得会被老板教育的吧。[笑cry],正面
我觉得有钱赚，加班一下也不是不可以的啦[doge],负面
如果每个人都是这样那老板再也不会让我们加班啦[嘻嘻][嘻嘻],正面
这样子大家可能都可以自愿加班的,正面
相当于赚外快了，感觉挺不错的。挺快乐的,正面
这样的话，老板看到了就根本不会理你了。,负面
咱就是说加班有加班费，我还是觉得很可以的了[doge],负面
要真的这样，谁还不愿意加班？,正面
其实打工人也不是讨厌加班的[doge][doge],正面
真的好希望每个公司都可以有这样的单子[允悲],正面
按照这个价位表我这些年都损失了多少钱啊[苦涩][苦涩][苦涩],正面
加班也不是不可以，主要是感觉加班又没有钱，好受挫[允悲][允悲][允悲][允悲],正面
就说，这是谁提出来的？可不可以大面积提倡？,负面
加班扫码的话是多少工资？,负面
加班费还是要给我们安排上的,负面
每天最期待的就是下班的时候了,正面
你们粉丝烦不烦,负面
dino呀！,中性
老铁咱就是能别ky吗 路人观感真的不好[微笑]不是所有水獭都是餐包,负面
dino呀[心],正面
这里也能看见dino哈哈哈哈,正面
@Sypac,中性
感觉好几张都是ai,负面
dino是谁,中性
@好好麻吉 好可爱好可爱唔唔[哇],正面
Dino,中性
帮我要一下这位宝宝的联系方式 我有急事找她！！,负面
Dino 宝宝,正面
@奇怪奇怪吧,负面
@_GAAAAAYI 怎么感觉有点像豆宝,正面
@有病啊哈哈哈哈o3o 好可爱噢,正面
@小狮子·,正面
好多dino,正面
@Aseptic_area,中性
@Etherealw_,中性
所以不要嫁给穷人，没钱还生孩子，还生两个，还敢生病，还敢死，逃了还要被说心狠，还要被打拳，一开始找个有钱的别给穷人机会啥事都没有,负面
国家救助政策呢？？,正面
这时候女拳不吭声了,负面
“妈妈狠心离开”，嗯，消失的她,正面
希望这位母亲，不要老了有病了，想起我还两个儿子，回来拖累孩子,正面
这位母亲真狠！！,正面
女的又美美隐身啦,正面
作为妈妈怎么忍心抛下两个孩子[黑線]无法理解。。。,正面
一味的赞颂苦难，就是作恶。,正面
什么样的女人能撇下这样的孩子不管了，没有一点人性，但凡能打打工也能和俩孩子过下去,正面
[good]有担当的男人。,正面
长兄如父,正面
怎样可以帮助他们,正面
确定是狠心离开？还是有别的隐情？大儿子已经18，马上就能打工挣钱，小儿子虽然小，但也马上小学了，感觉日子不是那么难熬吧。。又不是两个嗷嗷待哺的婴儿，说走就走了,正面
1,负面
谁有孩子的具体信息，想帮助他俩,正面
评论区的大善人怎么不帮帮人家[可怜]光在网上放屁有啥用,负面
别歌颂苦难啊[允悲][允悲][允悲],正面
女人心，蝎尾针,正面
小四小四最近一次看海是什么时候啊？还是上次海南那次吗[熊猫][熊猫]分享一下你那次剩下的库存呗，知道你还有的[doge],正面
你好漂亮我天哪！我是怎么关注到你的[苦涩]美哭,正面
[太阳],正面
大美女求衬衫[色][色][色],负面
看起来越来越温柔了姐姐[泪],正面
啊啊啊好美啊[悲伤][悲伤],正面
美美美,正面
这组怎么没发某书！,正面
爱啦 老婆老婆[哇][哇],正面
我是第一老婆[色],负面
蹲衬衫链接,负面
来咯老婆[悲伤]今天更新可勤[哇][哇],正面
老婆贴贴[色],负面
衬衫链接,负面
外面的海洋太危险了，我是一只弱小可怜又无助的小可爱，可以去你的心里躲一躲浪吗[心],正面
美美美[送花花],正面
不用蹲了徕[心],正面
